{
  "intents": [
    {
      "systemIntentTypes": [
        "Goodbye"
      ],
      "intentType": "System",
      "triggerQueries": [
        "Adiós",
        "Adiós, gracias de nuevo",
        "Hasta pronto",
        "Hasta otra",
        "Adiós, hasta luego",
        "A mí también me ha gustado hablar contigo. Que tengas un buen día.",
        "A mí también me ha gustado hablar con usted. Que tenga un buen día.",
        "¡Adiós!",
        "Buen día",
        "Buenas noches",
        "Que tengas un día fantástico",
        "Que tenga un día fantástico",
        "Que tengas un buen día. Lo estás haciendo bien.",
        "Que tenga un buen día. Lo está haciendo bien.",
        "Que tengas un buen día",
        "Que tenga un buen día",
        "Que tengas un día maravilloso :)",
        "Que tenga un día maravilloso :)",
        "No tengo ningún problema. Adiós.",
        "Haré algo después. Gracias, adiós",
        "Tendré que hablar contigo más tarde.",
        "Tendré que hablar con usted más tarde.",
        "Un placer hablar contigo. Adiós.",
        "No, gracias a ti, buenas noches",
        "No, gracias a usted, buenas noches",
        "No, gracias a ti, adiós",
        "No, gracias a usted. Adiós",
        "No, gracias a ti, ¡adiós!",
        "No, gracias a ti. ¡Que tengas un buen día!",
        "No, gracias a usted. ¡Que tenga un buen día!",
        "No, gracias por tu ayuda, adiós.",
        "No, muchas gracias. Buen día.",
        "Ninguna de las anteriores. Adiós.",
        "No, todo bien, gracias y adiós",
        "No, gracias, que tenga un buen día",
        "No, gracias, que tengas un buen día",
        "No. Adiós.",
        "Ahora mismo no. Gracias y que tenga un buen día.",
        "Ahora mismo no. Gracias y que tengas un buen día.",
        "No me ha resultado útil. Adiós.",
        "Ok, gracias y que tenga un buen día",
        "Ok, gracias y que tengas un buen día",
        "Ok, gracias, hasta luego",
        "¡Perfecto! Que tenga un buen día.",
        "¡Perfecto! Que tengas un buen día",
        "Lo mismo digo. Que tenga un buen día",
        "Lo mismo digo. Hasta luego…",
        "Hasta luego",
        "¡Hasta luego!",
        "Lo siento, grcs por la ayuda",
        "Lo siento, me tengo que ir, que tenga un buen día",
        "Lo siento, me tengo que ir, que tengas un buen día",
        "Lo siento, me tengo que ir, adiós",
        "Cuídate, que tengas un buen día",
        "Cuídese, que tenga un buen día",
        "Gracias por hablar conmigo, que tenga un buen día",
        "Gracias por hablar conmigo, que tengas un buen día",
        "Gracias, adiós",
        "Gracias y adiós.",
        "Gracias y que tenga un buen día",
        "Gracias y que tengas un buen día",
        "Gracias por tu ayuda",
        "Gracias por su ayuda",
        "Gracias por tu ayuda. ¡Adiós!",
        "Gracias por su ayuda. ¡Adiós!",
        "Gracias, que tenga un buen día.",
        "Gracias, que tengas un buen día.",
        "Gracias, lo miraré",
        "Muchas gracias, adiós.",
        "Muchas gracias, que tengas un buen día.",
        "Muchas gracias, que tenga un buen día.",
        "Gracias, hasta luego.",
        "Gracias, adiós",
        "Gracias, adiós.",
        "Gracias por la ayuda, adiós.",
        "Gracias por tu ayuda, adiós.",
        "Gracias por tu ayuda. Adiós.",
        "Gracias por su ayuda. Adiós.",
        "Gracias por tu ayuda, que tengas un buen día.",
        "Gracias, ¡hasta luego!",
        "Gracias, hasta otra",
        "Gracias, buenas tardes",
        "Gracias. Adiós.",
        "Gracias. Acabaré la conversación ahora.",
        "Gracias, perfecto. Que tenga un buen día.",
        "Gracias, perfecto. Que tengas un buen día",
        "Grcs, adiós"
      ],
      "dialogId": "new_topic_afa53e9e7f244b429cd7a7fc0aec0dde_f56d1a3e522740c78f9fac0939332dbd_goodbye",
      "isTriggeringEnabled": true,
      "id": "new_topic_afa53e9e7f244b429cd7a7fc0aec0dde_f56d1a3e522740c78f9fac0939332dbd_goodbye",
      "displayName": "Adiós",
      "description": "Intención del sistema: Despedida",
      "createdTime": "2019-01-15T00:00:00Z",
      "updatedTime": "2019-01-15T00:00:00Z",
      "createdUserId": "user0",
      "updatedUserId": "user0"
    }
  ],
  "dialogs": [
    {
      "rootNodeId": "3ce2158c-ebd3-4e2f-9e15-74432e415182",
      "dialogType": "System",
      "messageNodes": [
        {
          "botMessageId": "026a85be-8cca-4b87-b39f-3639fcfe3383",
          "nodeType": "BotMessageNode",
          "id": "3ce2158c-ebd3-4e2f-9e15-74432e415182"
        }
      ],
      "id": "new_topic_afa53e9e7f244b429cd7a7fc0aec0dde_f56d1a3e522740c78f9fac0939332dbd_goodbye",
      "displayName": "Diálogo para Despedidas",
      "createdTime": "2019-01-15T00:00:00Z",
      "updatedTime": "2019-01-15T00:00:00Z",
      "createdUserId": "user0",
      "updatedUserId": "user0"
    }
  ],
  "botMessages": [
    {
      "channelContent": {
        "web": {
          "contentFormat": "Markdown",
          "content": "Gracias por hablar conmigo. ¡Adiós!"
        }
      },
      "id": "026a85be-8cca-4b87-b39f-3639fcfe3383",
      "createdTime": "2019-01-15T00:00:00Z",
      "updatedTime": "2019-01-15T00:00:00Z",
      "createdUserId": "user0",
      "updatedUserId": "user0"
    }
  ]
}