{
  "namedEntities": [
    {
      "id": "a70098a6-1b16-461c-8d1f-ad59163e7b30",
      "displayName": "4 Contexto de la organización",
      "createdTime": "2023-08-02T17:18:42.3143877Z",
      "updatedTime": "2023-08-06T10:34:42.292176Z",
      "createdUserId": "0ba02999-31d1-4aa3-a0bb-cb53d26bb7e8",
      "updatedUserId": "0ba02999-31d1-4aa3-a0bb-cb53d26bb7e8"
    },
    {
      "id": "baadff96-133d-4df3-be26-7c235d224248",
      "displayName": "4.1 Comprensión de la organización y su contexto",
      "createdTime": "2023-08-02T17:18:42.3143877Z",
      "updatedTime": "2023-08-06T10:34:42.292176Z",
      "createdUserId": "0ba02999-31d1-4aa3-a0bb-cb53d26bb7e8",
      "updatedUserId": "0ba02999-31d1-4aa3-a0bb-cb53d26bb7e8"
    },
    {
      "id": "6d8e6335-cd3d-42b8-95d3-e80d6bfbe91f",
      "displayName": "4.2 Comprender las necesidades y expectativas de las partes interesadas",
      "createdTime": "2023-08-02T17:18:42.3143877Z",
      "updatedTime": "2023-08-06T10:34:42.292176Z",
      "createdUserId": "0ba02999-31d1-4aa3-a0bb-cb53d26bb7e8",
      "updatedUserId": "0ba02999-31d1-4aa3-a0bb-cb53d26bb7e8"
    },
    {
      "id": "4b5ae14f-2efa-4c2c-b043-7548c3af9cb2",
      "displayName": "4.3 Determinación del alcance del sistema de gestión de la seguridad de la información",
      "createdTime": "2023-08-02T17:18:42.3143877Z",
      "updatedTime": "2023-08-06T10:34:42.292176Z",
      "createdUserId": "0ba02999-31d1-4aa3-a0bb-cb53d26bb7e8",
      "updatedUserId": "0ba02999-31d1-4aa3-a0bb-cb53d26bb7e8"
    },
    {
      "id": "a9a88769-0201-47a6-944d-7d34d1cd5deb",
      "displayName": "4.4 Sistema de gestión de la seguridad de la información",
      "createdTime": "2023-08-02T17:18:42.3143877Z",
      "updatedTime": "2023-08-06T10:34:42.292176Z",
      "createdUserId": "0ba02999-31d1-4aa3-a0bb-cb53d26bb7e8",
      "updatedUserId": "0ba02999-31d1-4aa3-a0bb-cb53d26bb7e8"
    },
    {
      "id": "f7e1e614-b9d2-4660-8a39-4440681c5027",
      "displayName": "5 Liderazgo",
      "createdTime": "2023-08-02T17:18:42.3143877Z",
      "updatedTime": "2023-08-06T10:34:42.292176Z",
      "createdUserId": "0ba02999-31d1-4aa3-a0bb-cb53d26bb7e8",
      "updatedUserId": "0ba02999-31d1-4aa3-a0bb-cb53d26bb7e8"
    },
    {
      "id": "42a89150-1bde-4b84-8388-1dccbe4458e4",
      "displayName": "5.1 Liderazgo y compromiso",
      "createdTime": "2023-08-02T17:18:42.3143877Z",
      "updatedTime": "2023-08-06T10:34:42.292176Z",
      "createdUserId": "0ba02999-31d1-4aa3-a0bb-cb53d26bb7e8",
      "updatedUserId": "0ba02999-31d1-4aa3-a0bb-cb53d26bb7e8"
    },
    {
      "id": "fac64fa9-741d-40c0-ae5a-4f23ff460de1",
      "displayName": "5.2 Política",
      "createdTime": "2023-08-02T17:18:42.3143877Z",
      "updatedTime": "2023-08-06T10:34:42.292176Z",
      "createdUserId": "0ba02999-31d1-4aa3-a0bb-cb53d26bb7e8",
      "updatedUserId": "0ba02999-31d1-4aa3-a0bb-cb53d26bb7e8"
    },
    {
      "id": "8a78fc65-ff21-44c1-bdb8-5d02fce4ee0d",
      "displayName": "5.3 Funciones, responsabilidades y facultades de la organización",
      "createdTime": "2023-08-02T17:18:42.3143877Z",
      "updatedTime": "2023-08-06T10:34:42.292176Z",
      "createdUserId": "0ba02999-31d1-4aa3-a0bb-cb53d26bb7e8",
      "updatedUserId": "0ba02999-31d1-4aa3-a0bb-cb53d26bb7e8"
    },
    {
      "id": "d724a51a-bc1d-4c17-a63a-b3b18ab68ee3",
      "displayName": "6 Planificación",
      "createdTime": "2023-08-02T17:18:42.3143877Z",
      "updatedTime": "2023-08-06T10:34:42.292176Z",
      "createdUserId": "0ba02999-31d1-4aa3-a0bb-cb53d26bb7e8",
      "updatedUserId": "0ba02999-31d1-4aa3-a0bb-cb53d26bb7e8"
    },
    {
      "id": "c886b91b-0211-4aca-9407-017eadd36535",
      "displayName": "6.1 Acciones para abordar riesgos y oportunidades",
      "createdTime": "2023-08-02T17:18:42.3143877Z",
      "updatedTime": "2023-08-06T10:34:42.292176Z",
      "createdUserId": "0ba02999-31d1-4aa3-a0bb-cb53d26bb7e8",
      "updatedUserId": "0ba02999-31d1-4aa3-a0bb-cb53d26bb7e8"
    },
    {
      "id": "7cd27c02-b88d-472a-8b93-5c9384707af9",
      "displayName": "6.1.1 Generalidades",
      "createdTime": "2023-08-02T17:18:42.3143877Z",
      "updatedTime": "2023-08-06T10:34:42.292176Z",
      "createdUserId": "0ba02999-31d1-4aa3-a0bb-cb53d26bb7e8",
      "updatedUserId": "0ba02999-31d1-4aa3-a0bb-cb53d26bb7e8"
    },
    {
      "id": "34edeee4-fdf7-4c95-9244-05b4932d184e",
      "displayName": "6.1.2 Evaluación de riesgos para la seguridad de la información",
      "createdTime": "2023-08-02T17:18:42.3143877Z",
      "updatedTime": "2023-08-06T10:34:42.292176Z",
      "createdUserId": "0ba02999-31d1-4aa3-a0bb-cb53d26bb7e8",
      "updatedUserId": "0ba02999-31d1-4aa3-a0bb-cb53d26bb7e8"
    },
    {
      "id": "7d379728-5b05-4f04-8d9d-bb017bbf1583",
      "displayName": "6.1.3 Tratamiento de riesgos de seguridad de la información",
      "createdTime": "2023-08-02T17:18:42.3143877Z",
      "updatedTime": "2023-08-06T10:34:42.292176Z",
      "createdUserId": "0ba02999-31d1-4aa3-a0bb-cb53d26bb7e8",
      "updatedUserId": "0ba02999-31d1-4aa3-a0bb-cb53d26bb7e8"
    },
    {
      "id": "e6474ebe-c662-4b7d-b2b3-60da6c75af7d",
      "displayName": "6.2 Objetivos de seguridad de la información y planificación para alcanzarlos",
      "createdTime": "2023-08-02T17:18:42.3143877Z",
      "updatedTime": "2023-08-06T10:34:42.292176Z",
      "createdUserId": "0ba02999-31d1-4aa3-a0bb-cb53d26bb7e8",
      "updatedUserId": "0ba02999-31d1-4aa3-a0bb-cb53d26bb7e8"
    },
    {
      "id": "ac5ad81a-dd21-4eaa-8fc6-8a67ac24e151",
      "displayName": "7 Soporte",
      "createdTime": "2023-08-02T17:18:42.3143877Z",
      "updatedTime": "2023-08-06T10:34:42.292176Z",
      "createdUserId": "0ba02999-31d1-4aa3-a0bb-cb53d26bb7e8",
      "updatedUserId": "0ba02999-31d1-4aa3-a0bb-cb53d26bb7e8"
    },
    {
      "id": "6b0c8244-da22-40c7-af7e-deb7a3f64bef",
      "displayName": "7.1 Recursos",
      "createdTime": "2023-08-02T17:18:42.3143877Z",
      "updatedTime": "2023-08-06T10:34:42.292176Z",
      "createdUserId": "0ba02999-31d1-4aa3-a0bb-cb53d26bb7e8",
      "updatedUserId": "0ba02999-31d1-4aa3-a0bb-cb53d26bb7e8"
    },
    {
      "id": "08d0cf0d-7d64-49ed-81c0-578b148c157b",
      "displayName": "7.2 Competencia",
      "createdTime": "2023-08-02T17:18:42.3143877Z",
      "updatedTime": "2023-08-06T10:34:42.292176Z",
      "createdUserId": "0ba02999-31d1-4aa3-a0bb-cb53d26bb7e8",
      "updatedUserId": "0ba02999-31d1-4aa3-a0bb-cb53d26bb7e8"
    },
    {
      "id": "63d63b71-4904-4625-b677-a7304b11e1bc",
      "displayName": "7.3 Sensibilización",
      "createdTime": "2023-08-02T17:18:42.3143877Z",
      "updatedTime": "2023-08-06T10:34:42.292176Z",
      "createdUserId": "0ba02999-31d1-4aa3-a0bb-cb53d26bb7e8",
      "updatedUserId": "0ba02999-31d1-4aa3-a0bb-cb53d26bb7e8"
    },
    {
      "id": "09a5401c-3ede-4d77-80c9-c3bd79892da6",
      "displayName": "7.4 Comunicación",
      "createdTime": "2023-08-02T17:18:42.3143877Z",
      "updatedTime": "2023-08-06T10:34:42.292176Z",
      "createdUserId": "0ba02999-31d1-4aa3-a0bb-cb53d26bb7e8",
      "updatedUserId": "0ba02999-31d1-4aa3-a0bb-cb53d26bb7e8"
    },
    {
      "id": "7b56d5db-2c18-49ef-ba73-47d743dc5624",
      "displayName": "7.5 Información documentada",
      "createdTime": "2023-08-02T17:18:42.3143877Z",
      "updatedTime": "2023-08-06T10:34:42.292176Z",
      "createdUserId": "0ba02999-31d1-4aa3-a0bb-cb53d26bb7e8",
      "updatedUserId": "0ba02999-31d1-4aa3-a0bb-cb53d26bb7e8"
    },
    {
      "id": "ea2466c0-671d-468e-bafa-b675c3841a1d",
      "displayName": "7.5.1 Generalidades",
      "createdTime": "2023-08-02T17:18:42.3143877Z",
      "updatedTime": "2023-08-06T10:34:42.292176Z",
      "createdUserId": "0ba02999-31d1-4aa3-a0bb-cb53d26bb7e8",
      "updatedUserId": "0ba02999-31d1-4aa3-a0bb-cb53d26bb7e8"
    },
    {
      "id": "8eaaad18-fe6e-4f4e-a535-dcb90658be44",
      "displayName": "7.5.2 Creación y actualización",
      "createdTime": "2023-08-02T17:18:42.3143877Z",
      "updatedTime": "2023-08-06T10:34:42.292176Z",
      "createdUserId": "0ba02999-31d1-4aa3-a0bb-cb53d26bb7e8",
      "updatedUserId": "0ba02999-31d1-4aa3-a0bb-cb53d26bb7e8"
    },
    {
      "id": "4b758ac8-877d-4963-b4ed-44682095eee1",
      "displayName": "7.5.3 Control de la información documentada",
      "createdTime": "2023-08-02T17:18:42.3143877Z",
      "updatedTime": "2023-08-06T10:34:42.292176Z",
      "createdUserId": "0ba02999-31d1-4aa3-a0bb-cb53d26bb7e8",
      "updatedUserId": "0ba02999-31d1-4aa3-a0bb-cb53d26bb7e8"
    },
    {
      "id": "7c3626f8-5cfb-43e4-8ee1-2b3f33ba0a7a",
      "displayName": "8 Operación",
      "createdTime": "2023-08-02T17:18:42.3143877Z",
      "updatedTime": "2023-08-06T10:34:42.292176Z",
      "createdUserId": "0ba02999-31d1-4aa3-a0bb-cb53d26bb7e8",
      "updatedUserId": "0ba02999-31d1-4aa3-a0bb-cb53d26bb7e8"
    },
    {
      "id": "9439eccb-8825-4194-afaf-4305e7571899",
      "displayName": "8.1 Planificación y control operacional",
      "createdTime": "2023-08-02T17:18:42.3143877Z",
      "updatedTime": "2023-08-06T10:34:42.292176Z",
      "createdUserId": "0ba02999-31d1-4aa3-a0bb-cb53d26bb7e8",
      "updatedUserId": "0ba02999-31d1-4aa3-a0bb-cb53d26bb7e8"
    },
    {
      "id": "ef552226-2eab-4f0d-8b62-f497fc2d7583",
      "displayName": "8.2 Evaluación de riesgos para la seguridad de la información",
      "createdTime": "2023-08-02T17:18:42.3143877Z",
      "updatedTime": "2023-08-06T10:34:42.292176Z",
      "createdUserId": "0ba02999-31d1-4aa3-a0bb-cb53d26bb7e8",
      "updatedUserId": "0ba02999-31d1-4aa3-a0bb-cb53d26bb7e8"
    },
    {
      "id": "439128b5-67ba-4669-976c-512fb9783270",
      "displayName": "8.3 Tratamiento de riesgos de seguridad de la información",
      "createdTime": "2023-08-02T17:18:42.3143877Z",
      "updatedTime": "2023-08-06T10:34:42.292176Z",
      "createdUserId": "0ba02999-31d1-4aa3-a0bb-cb53d26bb7e8",
      "updatedUserId": "0ba02999-31d1-4aa3-a0bb-cb53d26bb7e8"
    },
    {
      "id": "2221df01-2778-4f26-b3f8-cf3f846287f1",
      "displayName": "9 Evaluación del desempeño",
      "createdTime": "2023-08-02T17:18:42.3143877Z",
      "updatedTime": "2023-08-06T10:34:42.292176Z",
      "createdUserId": "0ba02999-31d1-4aa3-a0bb-cb53d26bb7e8",
      "updatedUserId": "0ba02999-31d1-4aa3-a0bb-cb53d26bb7e8"
    },
    {
      "id": "dc9ca92e-3707-415f-af6c-1b27063d588c",
      "displayName": "9.1 Seguimiento, medición, análisis y evaluación",
      "createdTime": "2023-08-02T17:18:42.3143877Z",
      "updatedTime": "2023-08-06T10:34:42.292176Z",
      "createdUserId": "0ba02999-31d1-4aa3-a0bb-cb53d26bb7e8",
      "updatedUserId": "0ba02999-31d1-4aa3-a0bb-cb53d26bb7e8"
    },
    {
      "id": "b483620e-c421-4ad7-a2f3-bba8048e5783",
      "displayName": "9.2 Auditoría interna",
      "createdTime": "2023-08-02T17:18:42.3143877Z",
      "updatedTime": "2023-08-06T10:34:42.292176Z",
      "createdUserId": "0ba02999-31d1-4aa3-a0bb-cb53d26bb7e8",
      "updatedUserId": "0ba02999-31d1-4aa3-a0bb-cb53d26bb7e8"
    },
    {
      "id": "32431500-6003-40fe-a8e4-37b10d5299db",
      "displayName": "9.3 Revisión por la dirección",
      "createdTime": "2023-08-02T17:18:42.3143877Z",
      "updatedTime": "2023-08-06T10:34:42.292176Z",
      "createdUserId": "0ba02999-31d1-4aa3-a0bb-cb53d26bb7e8",
      "updatedUserId": "0ba02999-31d1-4aa3-a0bb-cb53d26bb7e8"
    },
    {
      "id": "c49dc7a0-10d1-4cdd-9f59-61fb425cb89e",
      "displayName": "10 Mejora",
      "createdTime": "2023-08-02T17:18:42.3143877Z",
      "updatedTime": "2023-08-06T10:34:42.292176Z",
      "createdUserId": "0ba02999-31d1-4aa3-a0bb-cb53d26bb7e8",
      "updatedUserId": "0ba02999-31d1-4aa3-a0bb-cb53d26bb7e8"
    },
    {
      "id": "32533ab8-45c5-4130-bf76-4e64f027c008",
      "displayName": "10.1 No conformidad y acción correctiva",
      "createdTime": "2023-08-02T17:18:42.3143877Z",
      "updatedTime": "2023-08-06T10:34:42.292176Z",
      "createdUserId": "0ba02999-31d1-4aa3-a0bb-cb53d26bb7e8",
      "updatedUserId": "0ba02999-31d1-4aa3-a0bb-cb53d26bb7e8"
    },
    {
      "id": "308736c9-9439-46ad-b7ee-716cf8c98134",
      "displayName": "10.2 Mejora continua",
      "createdTime": "2023-08-02T17:18:42.3143877Z",
      "updatedTime": "2023-08-06T10:34:42.292176Z",
      "createdUserId": "0ba02999-31d1-4aa3-a0bb-cb53d26bb7e8",
      "updatedUserId": "0ba02999-31d1-4aa3-a0bb-cb53d26bb7e8"
    }
  ],
  "closedListTypes": [
    {
      "namedEntities": [
        "a70098a6-1b16-461c-8d1f-ad59163e7b30",
        "baadff96-133d-4df3-be26-7c235d224248",
        "6d8e6335-cd3d-42b8-95d3-e80d6bfbe91f",
        "4b5ae14f-2efa-4c2c-b043-7548c3af9cb2",
        "a9a88769-0201-47a6-944d-7d34d1cd5deb",
        "f7e1e614-b9d2-4660-8a39-4440681c5027",
        "42a89150-1bde-4b84-8388-1dccbe4458e4",
        "fac64fa9-741d-40c0-ae5a-4f23ff460de1",
        "8a78fc65-ff21-44c1-bdb8-5d02fce4ee0d",
        "d724a51a-bc1d-4c17-a63a-b3b18ab68ee3",
        "c886b91b-0211-4aca-9407-017eadd36535",
        "7cd27c02-b88d-472a-8b93-5c9384707af9",
        "34edeee4-fdf7-4c95-9244-05b4932d184e",
        "7d379728-5b05-4f04-8d9d-bb017bbf1583",
        "e6474ebe-c662-4b7d-b2b3-60da6c75af7d",
        "ac5ad81a-dd21-4eaa-8fc6-8a67ac24e151",
        "6b0c8244-da22-40c7-af7e-deb7a3f64bef",
        "08d0cf0d-7d64-49ed-81c0-578b148c157b",
        "63d63b71-4904-4625-b677-a7304b11e1bc",
        "09a5401c-3ede-4d77-80c9-c3bd79892da6",
        "7b56d5db-2c18-49ef-ba73-47d743dc5624",
        "ea2466c0-671d-468e-bafa-b675c3841a1d",
        "8eaaad18-fe6e-4f4e-a535-dcb90658be44",
        "4b758ac8-877d-4963-b4ed-44682095eee1",
        "7c3626f8-5cfb-43e4-8ee1-2b3f33ba0a7a",
        "9439eccb-8825-4194-afaf-4305e7571899",
        "ef552226-2eab-4f0d-8b62-f497fc2d7583",
        "439128b5-67ba-4669-976c-512fb9783270",
        "2221df01-2778-4f26-b3f8-cf3f846287f1",
        "dc9ca92e-3707-415f-af6c-1b27063d588c",
        "b483620e-c421-4ad7-a2f3-bba8048e5783",
        "32431500-6003-40fe-a8e4-37b10d5299db",
        "c49dc7a0-10d1-4cdd-9f59-61fb425cb89e",
        "32533ab8-45c5-4130-bf76-4e64f027c008",
        "308736c9-9439-46ad-b7ee-716cf8c98134"
      ],
      "smartMatchingEnabled": true,
      "customTypeSchema": "ClosedList",
      "id": "new_customtype_db9a58d30c9347d5a30ccf978e42bf18",
      "displayName": "Requisitos ISO 27001",
      "description": "",
      "createdTime": "2023-08-02T17:18:42.3143877Z",
      "updatedTime": "2023-08-06T10:34:42.292176Z",
      "createdUserId": "0ba02999-31d1-4aa3-a0bb-cb53d26bb7e8",
      "updatedUserId": "0ba02999-31d1-4aa3-a0bb-cb53d26bb7e8"
    }
  ]
}