<botcomponent schemaname="new_topic_afa53e9e7f244b429cd7a7fc0aec0dde_21a34f1673a24096a99ba0effb63cc1d">
  <componenttype>0</componenttype>
  <description>Lección 2. En esta lección se le mostrará cómo crear un tema sencillo con una rama condicional y una variable.

Una variable es un nombre para un elemento que se usará más adelante en el flujo de temas. En este ejemplo, "pva_StoreLocation" es el nombre de la variable cuando pregunta al usuario sobre la ubicación de su tienda preferida.</description>
  <iscustomizable>1</iscustomizable>
  <name>Lección 2. Un tema sencillo con una condición y una variable</name>
  <statecode>0</statecode>
  <statuscode>1</statuscode>
</botcomponent>