<botcomponent schemaname="new_topic_afa53e9e7f244b429cd7a7fc0aec0dde_dbafebd526364487911b63a2a774389f">
  <componenttype>0</componenttype>
  <description>Lección 3. En esta lección se le mostrará cómo crear un tema sencillo con una rama condicional, variable y entidad.

Cuando utiliza entidades en su tema, el bot puede identificar la información clave en lo que escribe el usuario y rellenar de manera proactiva la información en sus variables. Por ejemplo, si el cliente dice "Quiero comprar un coche rojo," no tiene que preguntarle el color del coche, ya que el bot reconoce la entidad Color en lo que ha escrito. A continuación, el bot omitirá la pregunta donde le preguntó el color.

También puede utilizar entidades para reconocer una lista específica de opciones. En esta lección, identificamos Ciudad como una entidad y el Bot reconocerá cualquier estado de Estados Unidos que escriba el usuario.</description>
  <iscustomizable>1</iscustomizable>
  <name>Lección 3. Un tema con condiciones, variables y entidad pregenerada</name>
  <statecode>0</statecode>
  <statuscode>1</statuscode>
</botcomponent>