<ImportExportXml xmlns:xsi="http://www.w3.org/2001/XMLSchema-instance">
  <Entities></Entities>
  <Roles></Roles>
  <Workflows>
    <Workflow WorkflowId="{f1e0fe9b-2ff7-ed11-8848-000d3ab961ad}" Name="Buscar Descripción de Control" Description="Permite llamar a este flujo desde Power Virtual Agents.">
      <JsonFileName>/Workflows/BuscarDescripcindeControl-F1E0FE9B-2FF7-ED11-8848-000D3AB961AD.json</JsonFileName>
      <Type>1</Type>
      <Subprocess>0</Subprocess>
      <Category>5</Category>
      <Mode>0</Mode>
      <Scope>4</Scope>
      <OnDemand>0</OnDemand>
      <TriggerOnCreate>0</TriggerOnCreate>
      <TriggerOnDelete>0</TriggerOnDelete>
      <AsyncAutodelete>0</AsyncAutodelete>
      <SyncWorkflowLogOnFailure>0</SyncWorkflowLogOnFailure>
      <StateCode>1</StateCode>
      <StatusCode>2</StatusCode>
      <RunAs>1</RunAs>
      <IsTransacted>1</IsTransacted>
      <IntroducedVersion>1.0.0.0</IntroducedVersion>
      <IsCustomizable>1</IsCustomizable>
      <BusinessProcessType>0</BusinessProcessType>
      <PrimaryEntity>none</PrimaryEntity>
      <LocalizedNames>
        <LocalizedName languagecode="3082" description="Buscar Descripción de Control" />
      </LocalizedNames>
      <Descriptions>
        <Description languagecode="3082" description="Permite llamar a este flujo desde Power Virtual Agents." />
      </Descriptions>
    </Workflow>
    <Workflow WorkflowId="{a6cb6636-c9f7-ed11-8848-000d3ab961ad}" Name="Buscar Controles por Dominio" Description="Permite llamar a este flujo desde Power Virtual Agents.">
      <JsonFileName>/Workflows/BuscarControlesporDominio-A6CB6636-C9F7-ED11-8848-000D3AB961AD.json</JsonFileName>
      <Type>1</Type>
      <Subprocess>0</Subprocess>
      <Category>5</Category>
      <Mode>0</Mode>
      <Scope>4</Scope>
      <OnDemand>0</OnDemand>
      <TriggerOnCreate>0</TriggerOnCreate>
      <TriggerOnDelete>0</TriggerOnDelete>
      <AsyncAutodelete>0</AsyncAutodelete>
      <SyncWorkflowLogOnFailure>0</SyncWorkflowLogOnFailure>
      <StateCode>1</StateCode>
      <StatusCode>2</StatusCode>
      <RunAs>1</RunAs>
      <IsTransacted>1</IsTransacted>
      <IntroducedVersion>1.0</IntroducedVersion>
      <IsCustomizable>1</IsCustomizable>
      <BusinessProcessType>0</BusinessProcessType>
      <PrimaryEntity>none</PrimaryEntity>
      <LocalizedNames>
        <LocalizedName languagecode="3082" description="Buscar Controles por Dominio" />
      </LocalizedNames>
      <Descriptions>
        <Description languagecode="3082" description="Permite llamar a este flujo desde Power Virtual Agents." />
      </Descriptions>
    </Workflow>
    <Workflow WorkflowId="{b691647e-19f8-ed11-8848-000d3ab961ad}" Name="Buscar Clausulas a auditar por Requisito" Description="Permite llamar a este flujo desde Power Virtual Agents.">
      <JsonFileName>/Workflows/BuscarClausulasaauditarporRequisito-B691647E-19F8-ED11-8848-000D3AB961AD.json</JsonFileName>
      <Type>1</Type>
      <Subprocess>0</Subprocess>
      <Category>5</Category>
      <Mode>0</Mode>
      <Scope>4</Scope>
      <OnDemand>0</OnDemand>
      <TriggerOnCreate>0</TriggerOnCreate>
      <TriggerOnDelete>0</TriggerOnDelete>
      <AsyncAutodelete>0</AsyncAutodelete>
      <SyncWorkflowLogOnFailure>0</SyncWorkflowLogOnFailure>
      <StateCode>1</StateCode>
      <StatusCode>2</StatusCode>
      <RunAs>1</RunAs>
      <IsTransacted>1</IsTransacted>
      <IntroducedVersion>1.0</IntroducedVersion>
      <IsCustomizable>1</IsCustomizable>
      <BusinessProcessType>0</BusinessProcessType>
      <PrimaryEntity>none</PrimaryEntity>
      <LocalizedNames>
        <LocalizedName languagecode="3082" description="Buscar Clausulas a auditar por Requisito" />
      </LocalizedNames>
      <Descriptions>
        <Description languagecode="3082" description="Permite llamar a este flujo desde Power Virtual Agents." />
      </Descriptions>
    </Workflow>
    <Workflow WorkflowId="{d7b9bc11-cb40-ee11-bdf3-000d3ab961ad}" Name="Hallazgos Requisitos" Description="Permite llamar a este flujo desde Power Virtual Agents.">
      <JsonFileName>/Workflows/HallazgosRequisitos-D7B9BC11-CB40-EE11-BDF3-000D3AB961AD.json</JsonFileName>
      <Type>1</Type>
      <Subprocess>0</Subprocess>
      <Category>5</Category>
      <Mode>0</Mode>
      <Scope>4</Scope>
      <OnDemand>0</OnDemand>
      <TriggerOnCreate>0</TriggerOnCreate>
      <TriggerOnDelete>0</TriggerOnDelete>
      <AsyncAutodelete>0</AsyncAutodelete>
      <SyncWorkflowLogOnFailure>0</SyncWorkflowLogOnFailure>
      <StateCode>1</StateCode>
      <StatusCode>2</StatusCode>
      <RunAs>1</RunAs>
      <IsTransacted>1</IsTransacted>
      <IntroducedVersion>1.0</IntroducedVersion>
      <IsCustomizable>1</IsCustomizable>
      <BusinessProcessType>0</BusinessProcessType>
      <PrimaryEntity>none</PrimaryEntity>
      <LocalizedNames>
        <LocalizedName languagecode="3082" description="Hallazgos Requisitos" />
      </LocalizedNames>
      <Descriptions>
        <Description languagecode="3082" description="Permite llamar a este flujo desde Power Virtual Agents." />
      </Descriptions>
    </Workflow>
    <Workflow WorkflowId="{b98cc55e-f631-ee11-bdf4-000d3ab961ad}" Name="Hallazgos Anexos" Description="Permite llamar a este flujo desde Power Virtual Agents.">
      <JsonFileName>/Workflows/HallazgosAnexos-B98CC55E-F631-EE11-BDF4-000D3AB961AD.json</JsonFileName>
      <Type>1</Type>
      <Subprocess>0</Subprocess>
      <Category>5</Category>
      <Mode>0</Mode>
      <Scope>4</Scope>
      <OnDemand>0</OnDemand>
      <TriggerOnCreate>0</TriggerOnCreate>
      <TriggerOnDelete>0</TriggerOnDelete>
      <AsyncAutodelete>0</AsyncAutodelete>
      <SyncWorkflowLogOnFailure>0</SyncWorkflowLogOnFailure>
      <StateCode>1</StateCode>
      <StatusCode>2</StatusCode>
      <RunAs>1</RunAs>
      <IsTransacted>1</IsTransacted>
      <IntroducedVersion>1.0</IntroducedVersion>
      <IsCustomizable>1</IsCustomizable>
      <BusinessProcessType>0</BusinessProcessType>
      <PrimaryEntity>none</PrimaryEntity>
      <LocalizedNames>
        <LocalizedName languagecode="3082" description="Hallazgos Anexos" />
      </LocalizedNames>
      <Descriptions>
        <Description languagecode="3082" description="Permite llamar a este flujo desde Power Virtual Agents." />
      </Descriptions>
    </Workflow>
  </Workflows>
  <FieldSecurityProfiles></FieldSecurityProfiles>
  <Templates />
  <EntityMaps />
  <EntityRelationships />
  <OrganizationSettings />
  <optionsets />
  <CustomControls />
  <EntityDataProviders />
  <Languages>
    <Language>3082</Language>
  </Languages>
</ImportExportXml>