<ImportExportXml version="9.2.23082.184" SolutionPackageVersion="9.2" languagecode="3082" generatedBy="CrmLive" xmlns:xsi="http://www.w3.org/2001/XMLSchema-instance">
  <SolutionManifest>
    <UniqueName>ExportComponents447e77cd81bf4ac7905f71956a14c0d7</UniqueName>
    <LocalizedNames>
      <LocalizedName description="ExportComponents447e77cd81bf4ac7905f71956a14c0d7" languagecode="3082" />
    </LocalizedNames>
    <Descriptions />
    <Version>1.0</Version>
    <Managed>0</Managed>
    <Publisher>
      <UniqueName>Crc92b9</UniqueName>
      <LocalizedNames>
        <LocalizedName description="CDS Default Publisher" languagecode="3082" />
      </LocalizedNames>
      <Descriptions />
      <EMailAddress xsi:nil="true"></EMailAddress>
      <SupportingWebsiteUrl xsi:nil="true"></SupportingWebsiteUrl>
      <CustomizationPrefix>cr8d9</CustomizationPrefix>
      <CustomizationOptionValuePrefix>93498</CustomizationOptionValuePrefix>
    </Publisher>
    <RootComponents>
      <RootComponent type="29" id="{a6cb6636-c9f7-ed11-8848-000d3ab961ad}" behavior="0" />
      <RootComponent type="29" id="{b691647e-19f8-ed11-8848-000d3ab961ad}" behavior="0" />
      <RootComponent type="29" id="{b98cc55e-f631-ee11-bdf4-000d3ab961ad}" behavior="0" />
      <RootComponent type="29" id="{d7b9bc11-cb40-ee11-bdf3-000d3ab961ad}" behavior="0" />
      <RootComponent type="29" id="{f1e0fe9b-2ff7-ed11-8848-000d3ab961ad}" behavior="0" />
    </RootComponents>
    <MissingDependencies>
      <MissingDependency>
        <Required type="connectionreference" displayName="cr8d9_sharedsharepointonline_ca96e" solution="Active" id.connectionreferencelogicalname="cr8d9_sharedsharepointonline_ca96e" />
        <Dependent type="29" displayName="Buscar Controles por Dominio" id="{a6cb6636-c9f7-ed11-8848-000d3ab961ad}" />
      </MissingDependency>
      <MissingDependency>
        <Required type="connectionreference" displayName="cr8d9_sharedsharepointonline_ca96e" solution="Active" id.connectionreferencelogicalname="cr8d9_sharedsharepointonline_ca96e" />
        <Dependent type="29" displayName="Buscar Clausulas a auditar por Requisito" id="{b691647e-19f8-ed11-8848-000d3ab961ad}" />
      </MissingDependency>
      <MissingDependency>
        <Required type="connectionreference" displayName="cr8d9_sharedsharepointonline_ca96e" solution="Active" id.connectionreferencelogicalname="cr8d9_sharedsharepointonline_ca96e" />
        <Dependent type="29" displayName="Hallazgos Anexos" id="{b98cc55e-f631-ee11-bdf4-000d3ab961ad}" />
      </MissingDependency>
      <MissingDependency>
        <Required type="connectionreference" displayName="cr8d9_sharedsharepointonline_ca96e" solution="Active" id.connectionreferencelogicalname="cr8d9_sharedsharepointonline_ca96e" />
        <Dependent type="29" displayName="Hallazgos Requisitos" id="{d7b9bc11-cb40-ee11-bdf3-000d3ab961ad}" />
      </MissingDependency>
      <MissingDependency>
        <Required type="connectionreference" displayName="cr8d9_sharedsharepointonline_ca96e" solution="Active" id.connectionreferencelogicalname="cr8d9_sharedsharepointonline_ca96e" />
        <Dependent type="29" displayName="Buscar Descripción de Control" id="{f1e0fe9b-2ff7-ed11-8848-000d3ab961ad}" />
      </MissingDependency>
    </MissingDependencies>
  </SolutionManifest>
</ImportExportXml>