{
  "intents": [
    {
      "triggerQueries": [
        "Evidencias documentales esenciales",
        "Documentos esenciales",
        "¿documentos esenciales para auditar la norma iso27001?"
      ],
      "dialogId": "new_topic_a505b83894e44806badf1cc214c5b780",
      "isTriggeringEnabled": true,
      "id": "new_topic_a505b83894e44806badf1cc214c5b780",
      "displayName": "Documentación Esencial",
      "description": "Punto de entrada",
      "createdTime": "2023-05-18T14:02:54.7421578Z",
      "updatedTime": "2023-08-15T19:18:50.9932033Z",
      "createdUserId": "0ba02999-31d1-4aa3-a0bb-cb53d26bb7e8",
      "updatedUserId": "0ba02999-31d1-4aa3-a0bb-cb53d26bb7e8"
    }
  ],
  "dialogs": [
    {
      "rootNodeId": "7f65be6a-c5e2-4d03-afa8-d75878135bf6",
      "messageNodes": [
        {
          "botMessageId": "314162fa-5754-4fb0-83d8-002eb2e9d96f",
          "nodeType": "BotMessageNode",
          "id": "7f65be6a-c5e2-4d03-afa8-d75878135bf6",
          "defaultTargetNodeId": "fc41dcc8-ca07-4665-afac-f4b1350f5e35"
        }
      ],
      "dialogChangeNodes": [
        {
          "targetDialogId": "new_topic_afa53e9e7f244b429cd7a7fc0aec0dde_aeabea4d071f415c8c107e1cb7af5424_assumedsuccess",
          "nodeType": "DialogChangeNode",
          "id": "fc41dcc8-ca07-4665-afac-f4b1350f5e35"
        }
      ],
      "id": "new_topic_a505b83894e44806badf1cc214c5b780",
      "displayName": "Sin título",
      "createdTime": "2023-05-18T14:02:54.7421567Z",
      "updatedTime": "2023-08-15T19:18:50.9932028Z",
      "createdUserId": "0ba02999-31d1-4aa3-a0bb-cb53d26bb7e8",
      "updatedUserId": "0ba02999-31d1-4aa3-a0bb-cb53d26bb7e8"
    }
  ],
  "botMessages": [
    {
      "channelContent": {
        "web": {
          "contentFormat": "Markdown",
          "content": "Estos son los documento esenciales que tienes que preparar.\n\n*   Alcance del SGSI\n*   Política de seguridad de la información\n*   Proceso de evaluación de riesgos de seguridad de la información\n*   Proceso de tratamiento de riesgos de seguridad de la información\n*   Declaración de aplicabilidad\n*   Objetivos de seguridad de la información\n*   Prueba de competencia\n*   Información documentada determinada por la organización como necesaria para la eficacia del SGSI\n*   Planificación y control operacional\n*   Resultados de las evaluaciones de riesgos de seguridad de la información\n*   Resultados del tratamiento de riesgos de seguridad de la información\n*   Evidencia de los resultados de monitoreo y medición\n*   Pruebas del programa o programas de auditoría y de los resultados de la auditoría\n*   Evidencia de los resultados de las revisiones por la dirección\n*   Evidencia de la naturaleza de las no conformidades y cualquier acción posterior tomada\n*   Evidencia de los resultados de cualquier acción correctiva"
        }
      },
      "id": "314162fa-5754-4fb0-83d8-002eb2e9d96f",
      "createdTime": "2023-05-18T13:54:58.645Z",
      "updatedTime": "2023-05-18T13:54:58.645Z"
    }
  ]
}