{
  "namedEntities": [
    {
      "synonyms": [
        "Políticas De Seguridad De La Información"
      ],
      "id": "df925eeb-35bc-40a6-b13c-9af6def2c259",
      "displayName": "A.5",
      "createdTime": "2023-05-21T10:45:57.1758156Z",
      "updatedTime": "2023-09-04T09:38:12.2982979Z",
      "createdUserId": "0ba02999-31d1-4aa3-a0bb-cb53d26bb7e8",
      "updatedUserId": "0ba02999-31d1-4aa3-a0bb-cb53d26bb7e8"
    },
    {
      "synonyms": [
        "Organización De La Seguridad De La Información"
      ],
      "id": "fbc15783-cbdf-4f4f-a01f-6092b6c7b10b",
      "displayName": "A.6",
      "createdTime": "2023-05-21T10:45:57.1758156Z",
      "updatedTime": "2023-09-04T09:38:12.2982979Z",
      "createdUserId": "0ba02999-31d1-4aa3-a0bb-cb53d26bb7e8",
      "updatedUserId": "0ba02999-31d1-4aa3-a0bb-cb53d26bb7e8"
    },
    {
      "synonyms": [
        "Seguridad Relativa A Los Recursos"
      ],
      "id": "dcec1006-cf3e-421a-aada-edd5a7c250bb",
      "displayName": "A.7",
      "createdTime": "2023-05-21T10:45:57.1758156Z",
      "updatedTime": "2023-09-04T09:38:12.2982979Z",
      "createdUserId": "0ba02999-31d1-4aa3-a0bb-cb53d26bb7e8",
      "updatedUserId": "0ba02999-31d1-4aa3-a0bb-cb53d26bb7e8"
    },
    {
      "synonyms": [
        "Gestion De Activos"
      ],
      "id": "41e88bac-4792-40f2-a86a-636552ce9764",
      "displayName": "A.8",
      "createdTime": "2023-05-21T10:45:57.1758156Z",
      "updatedTime": "2023-09-04T09:38:12.2982979Z",
      "createdUserId": "0ba02999-31d1-4aa3-a0bb-cb53d26bb7e8",
      "updatedUserId": "0ba02999-31d1-4aa3-a0bb-cb53d26bb7e8"
    },
    {
      "synonyms": [
        "Control De Acceso"
      ],
      "id": "a3d954ca-73aa-4c24-9bed-dcac76940d89",
      "displayName": "A.9",
      "createdTime": "2023-05-21T10:45:57.1758156Z",
      "updatedTime": "2023-09-04T09:38:12.2982979Z",
      "createdUserId": "0ba02999-31d1-4aa3-a0bb-cb53d26bb7e8",
      "updatedUserId": "0ba02999-31d1-4aa3-a0bb-cb53d26bb7e8"
    },
    {
      "synonyms": [
        "Criptografia"
      ],
      "id": "249ba31c-6a1c-42dd-89d5-05c27bf6b6c7",
      "displayName": "A.10",
      "createdTime": "2023-05-21T10:45:57.1758156Z",
      "updatedTime": "2023-09-04T09:38:12.2982979Z",
      "createdUserId": "0ba02999-31d1-4aa3-a0bb-cb53d26bb7e8",
      "updatedUserId": "0ba02999-31d1-4aa3-a0bb-cb53d26bb7e8"
    },
    {
      "synonyms": [
        "Seguridad Fisica Y Del Entorno"
      ],
      "id": "86b30595-f275-44fb-8eb4-c25e1d9e8e95",
      "displayName": "A.11",
      "createdTime": "2023-05-21T10:45:57.1758156Z",
      "updatedTime": "2023-09-04T09:38:12.2982979Z",
      "createdUserId": "0ba02999-31d1-4aa3-a0bb-cb53d26bb7e8",
      "updatedUserId": "0ba02999-31d1-4aa3-a0bb-cb53d26bb7e8"
    },
    {
      "synonyms": [
        "Seguridad De Las Operaciones"
      ],
      "id": "90ee576f-16af-47a7-9ec8-8fce6cb50528",
      "displayName": "A.12",
      "createdTime": "2023-05-21T10:45:57.1758156Z",
      "updatedTime": "2023-09-04T09:38:12.2982979Z",
      "createdUserId": "0ba02999-31d1-4aa3-a0bb-cb53d26bb7e8",
      "updatedUserId": "0ba02999-31d1-4aa3-a0bb-cb53d26bb7e8"
    },
    {
      "synonyms": [
        "Seguridad En Las Comunicaciones"
      ],
      "id": "695091e4-e31b-403d-8ad1-2277c36ade7f",
      "displayName": "A.13",
      "createdTime": "2023-05-21T10:45:57.1758156Z",
      "updatedTime": "2023-09-04T09:38:12.2982979Z",
      "createdUserId": "0ba02999-31d1-4aa3-a0bb-cb53d26bb7e8",
      "updatedUserId": "0ba02999-31d1-4aa3-a0bb-cb53d26bb7e8"
    },
    {
      "synonyms": [
        "Adquisición, Desarrollo Y Mantenimiento De Los Sistemas De Información"
      ],
      "id": "98865929-095d-4b45-b1b3-da5b026ce97c",
      "displayName": "A.14",
      "createdTime": "2023-05-21T10:45:57.1758156Z",
      "updatedTime": "2023-09-04T09:38:12.2982979Z",
      "createdUserId": "0ba02999-31d1-4aa3-a0bb-cb53d26bb7e8",
      "updatedUserId": "0ba02999-31d1-4aa3-a0bb-cb53d26bb7e8"
    },
    {
      "synonyms": [
        "Relacion Con Proveedores"
      ],
      "id": "5994ec41-6b5d-4e94-b028-39b3283a86bb",
      "displayName": "A.15",
      "createdTime": "2023-05-21T10:45:57.1758156Z",
      "updatedTime": "2023-09-04T09:38:12.2982979Z",
      "createdUserId": "0ba02999-31d1-4aa3-a0bb-cb53d26bb7e8",
      "updatedUserId": "0ba02999-31d1-4aa3-a0bb-cb53d26bb7e8"
    },
    {
      "synonyms": [
        "Gestion De Incidentes De La Seguridad De La Informacion"
      ],
      "id": "2589667d-918f-425b-a612-b99f237b91c1",
      "displayName": "A.16",
      "createdTime": "2023-05-21T10:45:57.1758156Z",
      "updatedTime": "2023-09-04T09:38:12.2982979Z",
      "createdUserId": "0ba02999-31d1-4aa3-a0bb-cb53d26bb7e8",
      "updatedUserId": "0ba02999-31d1-4aa3-a0bb-cb53d26bb7e8"
    },
    {
      "synonyms": [
        "Aspectos De Seguridad De La Información En La Gestión De Continuidad Del Negocio"
      ],
      "id": "9eeaefaa-6559-4556-a9ab-3f01ebf66012",
      "displayName": "A.17",
      "createdTime": "2023-05-21T10:45:57.1758156Z",
      "updatedTime": "2023-09-04T09:38:12.2982979Z",
      "createdUserId": "0ba02999-31d1-4aa3-a0bb-cb53d26bb7e8",
      "updatedUserId": "0ba02999-31d1-4aa3-a0bb-cb53d26bb7e8"
    },
    {
      "synonyms": [
        "Cumplimiento"
      ],
      "id": "1da9d8b1-1130-41dd-bf8f-fcf6596e7187",
      "displayName": "A.18",
      "createdTime": "2023-05-21T10:45:57.1758156Z",
      "updatedTime": "2023-09-04T09:38:12.2982979Z",
      "createdUserId": "0ba02999-31d1-4aa3-a0bb-cb53d26bb7e8",
      "updatedUserId": "0ba02999-31d1-4aa3-a0bb-cb53d26bb7e8"
    }
  ],
  "closedListTypes": [
    {
      "namedEntities": [
        "df925eeb-35bc-40a6-b13c-9af6def2c259",
        "fbc15783-cbdf-4f4f-a01f-6092b6c7b10b",
        "dcec1006-cf3e-421a-aada-edd5a7c250bb",
        "41e88bac-4792-40f2-a86a-636552ce9764",
        "a3d954ca-73aa-4c24-9bed-dcac76940d89",
        "249ba31c-6a1c-42dd-89d5-05c27bf6b6c7",
        "86b30595-f275-44fb-8eb4-c25e1d9e8e95",
        "90ee576f-16af-47a7-9ec8-8fce6cb50528",
        "695091e4-e31b-403d-8ad1-2277c36ade7f",
        "98865929-095d-4b45-b1b3-da5b026ce97c",
        "5994ec41-6b5d-4e94-b028-39b3283a86bb",
        "2589667d-918f-425b-a612-b99f237b91c1",
        "9eeaefaa-6559-4556-a9ab-3f01ebf66012",
        "1da9d8b1-1130-41dd-bf8f-fcf6596e7187"
      ],
      "smartMatchingEnabled": true,
      "customTypeSchema": "ClosedList",
      "id": "new_customtype_4413e7e5e0bd41779ea9993913da08b8",
      "displayName": "Dominios de Control anexo A ISO27001",
      "description": "Tema Buscar Controles según Dominio",
      "createdTime": "2023-05-21T10:45:57.1758156Z",
      "updatedTime": "2023-09-04T09:38:12.2982979Z",
      "createdUserId": "0ba02999-31d1-4aa3-a0bb-cb53d26bb7e8",
      "updatedUserId": "0ba02999-31d1-4aa3-a0bb-cb53d26bb7e8"
    }
  ]
}