{
  "namedEntities": [
    {
      "synonyms": [
        "home"
      ],
      "id": "ff0ca6dd-de7a-4bee-b849-16210d63f3c5",
      "displayName": "Usuario doméstico",
      "updatedTime": "2023-05-17T17:18:08.8890399Z",
      "updatedUserId": "0ba02999-31d1-4aa3-a0bb-cb53d26bb7e8"
    },
    {
      "synonyms": [
        "gaming"
      ],
      "id": "2ccf421b-89a6-43a8-8b4f-b8d8f63b58bf",
      "displayName": "Jugador",
      "updatedTime": "2023-05-17T17:18:08.8890399Z",
      "updatedUserId": "0ba02999-31d1-4aa3-a0bb-cb53d26bb7e8"
    },
    {
      "synonyms": [
        "business"
      ],
      "id": "2d32734c-9552-47c5-963b-563fe1d9ea7e",
      "displayName": "Usuario profesional",
      "updatedTime": "2023-05-17T17:18:08.8890399Z",
      "updatedUserId": "0ba02999-31d1-4aa3-a0bb-cb53d26bb7e8"
    }
  ],
  "closedListTypes": [
    {
      "namedEntities": [
        "ff0ca6dd-de7a-4bee-b849-16210d63f3c5",
        "2ccf421b-89a6-43a8-8b4f-b8d8f63b58bf",
        "2d32734c-9552-47c5-963b-563fe1d9ea7e"
      ],
      "smartMatchingEnabled": true,
      "customTypeSchema": "ClosedList",
      "id": "new_customtype_afa53e9e7f244b429cd7a7fc0aec0dde_f86fcadfd497444e91ed11c12b059d10",
      "displayName": "Tipo de uso",
      "description": "Lección 4 Entidad del tipo de uso",
      "createdTime": "2019-10-25T14:03:43.9601778Z",
      "updatedTime": "2023-05-17T17:18:08.8890399Z",
      "createdUserId": "user0",
      "updatedUserId": "0ba02999-31d1-4aa3-a0bb-cb53d26bb7e8"
    }
  ]
}