{
  "intents": [
    {
      "triggerQueries": [
        "¿cómo se empieza?",
        "¿que hay que hacer?",
        "¿Que tengo que hacer?",
        "¿Por donde empiezo?"
      ],
      "dialogId": "new_topic_1abe0223a526412cae59a1d0fa4071e6",
      "isTriggeringEnabled": true,
      "id": "new_topic_1abe0223a526412cae59a1d0fa4071e6",
      "displayName": "Comienzo",
      "createdTime": "2023-08-15T19:35:39.9780845Z",
      "updatedTime": "2023-09-04T09:56:06.7170329Z",
      "createdUserId": "0ba02999-31d1-4aa3-a0bb-cb53d26bb7e8",
      "updatedUserId": "0ba02999-31d1-4aa3-a0bb-cb53d26bb7e8"
    }
  ],
  "dialogs": [
    {
      "rootNodeId": "3ba9d4a0-5c7f-4403-a485-072e99bf4bc0",
      "messageNodes": [
        {
          "botMessageId": "6961659a-a250-4ea9-884d-9260823625a3",
          "nodeType": "BotMessageNode",
          "id": "3ba9d4a0-5c7f-4403-a485-072e99bf4bc0"
        }
      ],
      "id": "new_topic_1abe0223a526412cae59a1d0fa4071e6",
      "displayName": "Sin título",
      "createdTime": "2023-08-15T19:35:39.9780839Z",
      "updatedTime": "2023-09-04T09:56:06.7170323Z",
      "createdUserId": "0ba02999-31d1-4aa3-a0bb-cb53d26bb7e8",
      "updatedUserId": "0ba02999-31d1-4aa3-a0bb-cb53d26bb7e8"
    }
  ],
  "botMessages": [
    {
      "channelContent": {
        "web": {
          "contentFormat": "Markdown",
          "content": "Te sugiero que te centres en consultar por las siguientes palabras claves:\n\n1.  **Documentos Esenciales**\n2.  **Orígenes Evidencias**\n3.  **Checklist**\n4.  **Hallazgos**"
        }
      },
      "id": "6961659a-a250-4ea9-884d-9260823625a3",
      "createdTime": "2023-08-15T19:19:47.718Z",
      "updatedTime": "2023-08-15T19:19:47.718Z"
    }
  ]
}