<botcomponent schemaname="new_topic_afa53e9e7f244b429cd7a7fc0aec0dde_85df75ce08a44a9b82cc8f3fdb25f669">
  <componenttype>0</componenttype>
  <description>Lección 4 - Esta lección continúa mostrando cómo crear un tema con una rama condicional, variable y entidad propia. 

En particular, permitirá saltarse una próxima pregunta a una entidad. Por ejemplo, intenta con "Quiero comprar un portátil para empresa"</description>
  <iscustomizable>1</iscustomizable>
  <name>Lección 4 - un tema con condiciones, variables y una entidad propia.</name>
  <statecode>0</statecode>
  <statuscode>1</statuscode>
</botcomponent>