{
  "namedEntities": [
    {
      "synonyms": [
        "Contexto de la organización"
      ],
      "id": "bf13a269-7132-4e3f-b4e5-bc2586471848",
      "displayName": "4.",
      "createdTime": "2023-05-21T19:23:43.9811053Z",
      "updatedTime": "2023-05-21T22:01:51.259078Z",
      "createdUserId": "0ba02999-31d1-4aa3-a0bb-cb53d26bb7e8",
      "updatedUserId": "0ba02999-31d1-4aa3-a0bb-cb53d26bb7e8"
    },
    {
      "synonyms": [
        "Liderazgo"
      ],
      "id": "b0d3c64b-75ac-45f1-b3bb-917a83679c0c",
      "displayName": "5.",
      "createdTime": "2023-05-21T19:23:43.9811053Z",
      "updatedTime": "2023-05-21T22:01:51.259078Z",
      "createdUserId": "0ba02999-31d1-4aa3-a0bb-cb53d26bb7e8",
      "updatedUserId": "0ba02999-31d1-4aa3-a0bb-cb53d26bb7e8"
    },
    {
      "synonyms": [
        "Planificación"
      ],
      "id": "9fb7ce15-50e5-4fc9-a453-4b73fd01a822",
      "displayName": "6.",
      "createdTime": "2023-05-21T19:23:43.9811053Z",
      "updatedTime": "2023-05-21T22:01:51.259078Z",
      "createdUserId": "0ba02999-31d1-4aa3-a0bb-cb53d26bb7e8",
      "updatedUserId": "0ba02999-31d1-4aa3-a0bb-cb53d26bb7e8"
    },
    {
      "synonyms": [
        "Soporte"
      ],
      "id": "ad604ed6-525a-43f3-a7d0-964c4106ca1d",
      "displayName": "7.",
      "createdTime": "2023-05-21T19:23:43.9811053Z",
      "updatedTime": "2023-05-21T22:01:51.259078Z",
      "createdUserId": "0ba02999-31d1-4aa3-a0bb-cb53d26bb7e8",
      "updatedUserId": "0ba02999-31d1-4aa3-a0bb-cb53d26bb7e8"
    },
    {
      "synonyms": [
        "Operación"
      ],
      "id": "84493488-8f0c-466b-87f1-1113971e64f5",
      "displayName": "8.",
      "createdTime": "2023-05-21T19:23:43.9811053Z",
      "updatedTime": "2023-05-21T22:01:51.259078Z",
      "createdUserId": "0ba02999-31d1-4aa3-a0bb-cb53d26bb7e8",
      "updatedUserId": "0ba02999-31d1-4aa3-a0bb-cb53d26bb7e8"
    },
    {
      "synonyms": [
        "Evaluación del desempeño"
      ],
      "id": "f52c3e80-b3ec-4f17-9902-b6225028bb96",
      "displayName": "9.",
      "createdTime": "2023-05-21T19:23:43.9811053Z",
      "updatedTime": "2023-05-21T22:01:51.259078Z",
      "createdUserId": "0ba02999-31d1-4aa3-a0bb-cb53d26bb7e8",
      "updatedUserId": "0ba02999-31d1-4aa3-a0bb-cb53d26bb7e8"
    },
    {
      "synonyms": [
        "Mejora"
      ],
      "id": "740b1637-7fed-4001-99d6-09cef7908d4b",
      "displayName": "10.",
      "createdTime": "2023-05-21T19:23:43.9811053Z",
      "updatedTime": "2023-05-21T22:01:51.259078Z",
      "createdUserId": "0ba02999-31d1-4aa3-a0bb-cb53d26bb7e8",
      "updatedUserId": "0ba02999-31d1-4aa3-a0bb-cb53d26bb7e8"
    }
  ],
  "closedListTypes": [
    {
      "namedEntities": [
        "bf13a269-7132-4e3f-b4e5-bc2586471848",
        "b0d3c64b-75ac-45f1-b3bb-917a83679c0c",
        "9fb7ce15-50e5-4fc9-a453-4b73fd01a822",
        "ad604ed6-525a-43f3-a7d0-964c4106ca1d",
        "84493488-8f0c-466b-87f1-1113971e64f5",
        "f52c3e80-b3ec-4f17-9902-b6225028bb96",
        "740b1637-7fed-4001-99d6-09cef7908d4b"
      ],
      "smartMatchingEnabled": true,
      "customTypeSchema": "ClosedList",
      "id": "new_customtype_b77e1856bc9b4d2397d7ed6e0a65a139",
      "displayName": "Requisitos",
      "description": "Estructura Norma ISO27001",
      "createdTime": "2023-05-21T19:23:43.9811053Z",
      "updatedTime": "2023-05-21T22:01:51.259078Z",
      "createdUserId": "0ba02999-31d1-4aa3-a0bb-cb53d26bb7e8",
      "updatedUserId": "0ba02999-31d1-4aa3-a0bb-cb53d26bb7e8"
    }
  ]
}