<botcomponent schemaname="new_topic_afa53e9e7f244b429cd7a7fc0aec0dde_33d5123770ba4daeafae51b361ddc80a">
  <componenttype>0</componenttype>
  <description>Lección 1. Esta lección mostrará cómo crear un tema sencillo con una rama condicional.

En las próximas lecciones, le mostraremos cómo agregar y definir variables, condiciones y entidades.

Le damos la bienvenida a Power Virtual Agents.</description>
  <iscustomizable>1</iscustomizable>
  <name>Lección 1. Un tema sencillo</name>
  <statecode>0</statecode>
  <statuscode>1</statuscode>
</botcomponent>