{
  "intents": [
    {
      "triggerQueries": [
        "¿Cuándo está la tienda cerrada?",
        "¿Cuándo está la tienda abierta?",
        "Horario de la tienda",
        "Horario diario"
      ],
      "dialogId": "new_topic_afa53e9e7f244b429cd7a7fc0aec0dde_33d5123770ba4daeafae51b361ddc80a",
      "isTriggeringEnabled": false,
      "id": "new_topic_afa53e9e7f244b429cd7a7fc0aec0dde_33d5123770ba4daeafae51b361ddc80a",
      "displayName": "Lección 1. Un tema sencillo",
      "description": "Lección 1. Esta lección mostrará cómo crear un tema sencillo con una rama condicional.\n\nEn las próximas lecciones, le mostraremos cómo agregar y definir variables, condiciones y entidades.\n\nLe damos la bienvenida a Power Virtual Agents.",
      "createdTime": "2019-01-15T00:00:00Z",
      "updatedTime": "2023-05-20T17:04:08.1008181Z",
      "createdUserId": "user0",
      "updatedUserId": "0ba02999-31d1-4aa3-a0bb-cb53d26bb7e8"
    }
  ],
  "dialogs": [
    {
      "rootNodeId": "e901982c-a22d-4074-b8c7-f7842977a047",
      "messageNodes": [
        {
          "botMessageId": "159e7c92-8871-41a0-a739-9f67085f995f",
          "nodeType": "BotMessageNode",
          "id": "e901982c-a22d-4074-b8c7-f7842977a047",
          "defaultTargetNodeId": "1f6c0946-4d56-4714-96f5-15e2247e953b"
        },
        {
          "botMessageId": "614e2fa3-2cf0-42e3-a2eb-18f9fb274ee6",
          "nodeType": "BotMessageNode",
          "id": "1f6c0946-4d56-4714-96f5-15e2247e953b",
          "defaultTargetNodeId": "6e127cd1-99ff-4c5e-8f3e-9ae93c0d4777"
        }
      ],
      "dialogChangeNodes": [
        {
          "targetDialogId": "new_topic_afa53e9e7f244b429cd7a7fc0aec0dde_aeabea4d071f415c8c107e1cb7af5424_assumedsuccess",
          "nodeType": "DialogChangeNode",
          "id": "6e127cd1-99ff-4c5e-8f3e-9ae93c0d4777"
        }
      ],
      "id": "new_topic_afa53e9e7f244b429cd7a7fc0aec0dde_33d5123770ba4daeafae51b361ddc80a",
      "displayName": "Diálogo",
      "createdTime": "2019-01-15T00:00:00Z",
      "updatedTime": "2023-05-17T17:18:08.8890399Z",
      "createdUserId": "user0",
      "updatedUserId": "0ba02999-31d1-4aa3-a0bb-cb53d26bb7e8"
    }
  ],
  "botMessages": [
    {
      "channelContent": {
        "web": {
          "contentFormat": "Markdown",
          "content": "Me encantará ayudarle con el horario de la tienda."
        }
      },
      "id": "159e7c92-8871-41a0-a739-9f67085f995f",
      "createdTime": "2019-01-15T00:00:00Z",
      "updatedTime": "2023-05-17T17:18:08.8890399Z",
      "createdUserId": "user0",
      "updatedUserId": "0ba02999-31d1-4aa3-a0bb-cb53d26bb7e8"
    },
    {
      "channelContent": {
        "web": {
          "contentFormat": "Markdown",
          "content": "El horario de Sevilla es:\n\n*   Lun-vie: de 9 de la mañana a 6 de la tarde\n*   Sáb: de 10 de la mañana a 4 de la tarde\n*   Dom: Cerrado\n\nEl horario de Málaga es:\n\n*   Lun-vie: de 9 de la mañana a 6 de la tarde\n*   Sáb-Dom: de 10 de la mañana a 4 de la tarde"
        }
      },
      "id": "614e2fa3-2cf0-42e3-a2eb-18f9fb274ee6",
      "createdTime": "2019-10-24T04:02:13.435Z",
      "updatedTime": "2023-05-17T17:18:08.8890399Z",
      "createdUserId": "user0",
      "updatedUserId": "0ba02999-31d1-4aa3-a0bb-cb53d26bb7e8"
    }
  ]
}