<botcomponent schemaname="new_topic_afa53e9e7f244b429cd7a7fc0aec0dde_7620a288bb3e455984cace1ade5e259c_fallback">
  <componenttype>0</componenttype>
  <description>Tema del sistema que incluye contenido y comportamiento para cuando el bot no puede determinar la intención del usuario. También incluye la variable UnrecognizedTriggerPhrase para capturar la entrada no reconocida.</description>
  <iscustomizable>1</iscustomizable>
  <name>Alternativo</name>
  <statecode>0</statecode>
  <statuscode>1</statuscode>
</botcomponent>