{
  "intents": [
    {
      "systemIntentTypes": [
        "Fallback"
      ],
      "intentType": "System",
      "dialogId": "new_topic_afa53e9e7f244b429cd7a7fc0aec0dde_7620a288bb3e455984cace1ade5e259c_fallback",
      "isTriggeringEnabled": true,
      "id": "new_topic_afa53e9e7f244b429cd7a7fc0aec0dde_7620a288bb3e455984cace1ade5e259c_fallback",
      "displayName": "Alternativo",
      "description": "Tema del sistema que incluye contenido y comportamiento para cuando el bot no puede determinar la intención del usuario. También incluye la variable UnrecognizedTriggerPhrase para capturar la entrada no reconocida.",
      "createdTime": "2020-02-07T00:00:00Z",
      "updatedTime": "2023-09-01T08:47:20.9063796Z",
      "createdUserId": "user0",
      "updatedUserId": "0ba02999-31d1-4aa3-a0bb-cb53d26bb7e8"
    }
  ],
  "dialogs": [
    {
      "rootNodeId": "5d90057f-e569-4f54-afda-bf5d04365cb0",
      "dialogType": "System",
      "messageNodes": [
        {
          "botMessageId": "8aa457c4-a0e0-4247-88d0-d89fcd3c26e9",
          "nodeType": "BotMessageNode",
          "id": "5d90057f-e569-4f54-afda-bf5d04365cb0"
        }
      ],
      "id": "new_topic_afa53e9e7f244b429cd7a7fc0aec0dde_7620a288bb3e455984cace1ade5e259c_fallback",
      "displayName": "Fallback",
      "createdTime": "2020-02-07T00:00:00Z",
      "updatedTime": "2023-09-01T08:47:20.9063789Z",
      "createdUserId": "user0",
      "updatedUserId": "0ba02999-31d1-4aa3-a0bb-cb53d26bb7e8"
    }
  ],
  "botMessages": [
    {
      "channelContent": {
        "web": {
          "contentFormat": "Markdown",
          "content": "Un momento. Voy a proporcionarle más ayuda con:\n\n {new\\_variable\\_afa53e9e7f244b429cd7a7fc0aec0dde\\_340aefff448e492eac88d718fbdf56ac}"
        }
      },
      "id": "8aa457c4-a0e0-4247-88d0-d89fcd3c26e9",
      "createdTime": "2020-02-07T00:00:00Z",
      "updatedTime": "2020-02-07T00:00:00Z",
      "createdUserId": "user0",
      "updatedUserId": "user0"
    }
  ]
}