{
  "properties": {
    "connectionReferences": {
      "shared_sharepointonline": {
        "runtimeSource": "embedded",
        "connection": {
          "connectionReferenceLogicalName": "cr8d9_sharedsharepointonline_ca96e"
        },
        "api": {
          "name": "shared_sharepointonline"
        }
      }
    },
    "definition": {
      "$schema": "https://schema.management.azure.com/providers/Microsoft.Logic/schemas/2016-06-01/workflowdefinition.json#",
      "contentVersion": "1.0.0.0",
      "parameters": {
        "$connections": {
          "defaultValue": {},
          "type": "Object"
        },
        "$authentication": {
          "defaultValue": {},
          "type": "SecureObject"
        }
      },
      "triggers": {
        "manual": {
          "metadata": {
            "operationMetadataId": "eb2ac580-299d-4287-b03d-30bb378ddf2f"
          },
          "type": "Request",
          "kind": "VirtualAgent",
          "inputs": {
            "schema": {
              "type": "object",
              "properties": {
                "text": {
                  "title": "IdentificadorDeRequisito",
                  "type": "string",
                  "x-ms-dynamically-added": true,
                  "description": "IdentificadorDeRequisito",
                  "x-ms-content-hint": "TEXT"
                }
              },
              "required": [
                "text"
              ]
            }
          }
        }
      },
      "actions": {
        "Return_value(s)_to_Power_Virtual_Agents": {
          "runAfter": {
            "Aplicar_a_cada_uno": [
              "Succeeded"
            ]
          },
          "metadata": {
            "operationMetadataId": "26c6b5a4-608a-41e8-bd17-26f3bc0850e9"
          },
          "type": "Response",
          "kind": "VirtualAgent",
          "inputs": {
            "statusCode": 200,
            "body": {
              "varrequisitos": "@variables('varRequisitosAuditables')"
            },
            "schema": {
              "type": "object",
              "properties": {
                "varrequisitos": {
                  "title": "varRequisitos",
                  "x-ms-dynamically-added": true,
                  "type": "string"
                }
              }
            }
          }
        },
        "Obtener_elementos": {
          "runAfter": {
            "Inicializar_variable": [
              "Succeeded"
            ]
          },
          "metadata": {
            "operationMetadataId": "029e328e-e900-4197-bbc3-d99c51556589"
          },
          "type": "OpenApiConnection",
          "inputs": {
            "host": {
              "connectionName": "shared_sharepointonline",
              "operationId": "GetItems",
              "apiId": "/providers/Microsoft.PowerApps/apis/shared_sharepointonline"
            },
            "parameters": {
              "dataset": "https://alumnosunir.sharepoint.com/sites/TFM431",
              "table": "cfab7aad-5421-4a30-ac76-867745df99a9",
              "viewScopeOption": "Default",
              "$filter": "startswith(field_3,'@{triggerBody()['text']}')"
            },
            "authentication": "@parameters('$authentication')"
          }
        },
        "Inicializar_variable": {
          "runAfter": {},
          "metadata": {
            "operationMetadataId": "5a761ffb-fa4b-45a2-a1b7-84ed7f7d80c0"
          },
          "type": "InitializeVariable",
          "inputs": {
            "variables": [
              {
                "name": "varRequisitosAuditables",
                "type": "string",
                "value": "| Nº Clausula| Título\n| :--------| :--------|"
              }
            ]
          }
        },
        "Aplicar_a_cada_uno": {
          "foreach": "@outputs('Obtener_elementos')?['body/value']",
          "actions": {
            "Anexar_a_la_variable_de_cadena": {
              "runAfter": {},
              "metadata": {
                "operationMetadataId": "a561410b-74b6-4303-9af4-a236a0d72af6"
              },
              "type": "AppendToStringVariable",
              "inputs": {
                "name": "varRequisitosAuditables",
                "value": "\n@{items('Aplicar_a_cada_uno')?['field_3']} | @{items('Aplicar_a_cada_uno')?['field_5']} |"
              }
            }
          },
          "runAfter": {
            "Obtener_elementos": [
              "Succeeded"
            ]
          },
          "metadata": {
            "operationMetadataId": "5a763574-f21b-4fdc-8357-a56371c5bb55"
          },
          "type": "Foreach"
        }
      },
      "outputs": {}
    },
    "templateName": "c9cd2c4e691a4646adc8aa592c88489b"
  },
  "schemaVersion": "1.0.0.0"
}