{
  "properties": {
    "connectionReferences": {
      "shared_sharepointonline": {
        "runtimeSource": "embedded",
        "connection": {
          "connectionReferenceLogicalName": "cr8d9_sharedsharepointonline_ca96e"
        },
        "api": {
          "name": "shared_sharepointonline"
        }
      }
    },
    "definition": {
      "$schema": "https://schema.management.azure.com/providers/Microsoft.Logic/schemas/2016-06-01/workflowdefinition.json#",
      "contentVersion": "1.0.0.0",
      "parameters": {
        "$connections": {
          "defaultValue": {},
          "type": "Object"
        },
        "$authentication": {
          "defaultValue": {},
          "type": "SecureObject"
        }
      },
      "triggers": {
        "manual": {
          "metadata": {
            "operationMetadataId": "eb2ac580-299d-4287-b03d-30bb378ddf2f"
          },
          "type": "Request",
          "kind": "VirtualAgent",
          "inputs": {
            "schema": {
              "type": "object",
              "properties": {
                "text": {
                  "title": "IdentificadorDeControl",
                  "type": "string",
                  "x-ms-dynamically-added": true,
                  "description": "IdentificadorDeControl",
                  "x-ms-content-hint": "TEXT"
                }
              },
              "required": [
                "text"
              ]
            }
          }
        }
      },
      "actions": {
        "Obtener_elementos": {
          "runAfter": {
            "Inicializar_variable": [
              "Succeeded"
            ]
          },
          "metadata": {
            "operationMetadataId": "029e328e-e900-4197-bbc3-d99c51556589"
          },
          "type": "OpenApiConnection",
          "inputs": {
            "host": {
              "connectionName": "shared_sharepointonline",
              "operationId": "GetItems",
              "apiId": "/providers/Microsoft.PowerApps/apis/shared_sharepointonline"
            },
            "parameters": {
              "dataset": "https://alumnosunir.sharepoint.com/sites/TFM431",
              "table": "181820dd-4d8d-45a9-9b5d-59fd1393332e",
              "viewScopeOption": "Default",
              "$filter": "startswith(Title, '@{triggerBody()['text']}')"
            },
            "authentication": "@parameters('$authentication')"
          }
        },
        "Inicializar_variable": {
          "runAfter": {},
          "metadata": {
            "operationMetadataId": "5a761ffb-fa4b-45a2-a1b7-84ed7f7d80c0"
          },
          "type": "InitializeVariable",
          "inputs": {
            "variables": [
              {
                "name": "varDescripcionCrontrol",
                "type": "string"
              }
            ]
          }
        },
        "Aplicar_a_cada_uno_2": {
          "foreach": "@outputs('Obtener_elementos')?['body/value']",
          "actions": {
            "Anexar_a_la_variable_de_cadena": {
              "runAfter": {},
              "metadata": {
                "operationMetadataId": "606ffb9a-64ca-4119-8dbe-766bbb2b00b2"
              },
              "type": "AppendToStringVariable",
              "inputs": {
                "name": "varDescripcionCrontrol",
                "value": "- @{items('Aplicar_a_cada_uno_2')?['field_3']} -> @{items('Aplicar_a_cada_uno_2')?['field_4']}.                                         "
              }
            }
          },
          "runAfter": {
            "Obtener_elementos": [
              "Succeeded"
            ]
          },
          "metadata": {
            "operationMetadataId": "204cd406-b4b0-4a32-80ad-b35ae9dbf56c"
          },
          "type": "Foreach"
        },
        "Devolver_valores_a_Power_Virtual_Agents": {
          "runAfter": {
            "Aplicar_a_cada_uno_2": [
              "Succeeded"
            ]
          },
          "metadata": {
            "operationMetadataId": "1c151acc-0e8a-4c1a-88d0-6a5e73e53820"
          },
          "type": "Response",
          "kind": "VirtualAgent",
          "inputs": {
            "statusCode": 200,
            "body": {
              "descontroles": "@variables('varDescripcionCrontrol')"
            },
            "schema": {
              "type": "object",
              "properties": {
                "descontroles": {
                  "title": "desControles",
                  "x-ms-dynamically-added": true,
                  "type": "string"
                }
              }
            }
          }
        }
      },
      "outputs": {}
    },
    "templateName": "c9cd2c4e691a4646adc8aa592c88489b"
  },
  "schemaVersion": "1.0.0.0"
}