{
  "properties": {
    "connectionReferences": {
      "shared_sharepointonline": {
        "runtimeSource": "embedded",
        "connection": {
          "connectionReferenceLogicalName": "cr8d9_sharedsharepointonline_ca96e"
        },
        "api": {
          "name": "shared_sharepointonline"
        }
      }
    },
    "definition": {
      "$schema": "https://schema.management.azure.com/providers/Microsoft.Logic/schemas/2016-06-01/workflowdefinition.json#",
      "contentVersion": "1.0.0.0",
      "parameters": {
        "$connections": {
          "defaultValue": {},
          "type": "Object"
        },
        "$authentication": {
          "defaultValue": {},
          "type": "SecureObject"
        }
      },
      "triggers": {
        "manual": {
          "metadata": {
            "operationMetadataId": "269e2860-d36f-48bd-bc80-f2b3deacda20"
          },
          "type": "Request",
          "kind": "VirtualAgent",
          "inputs": {
            "schema": {
              "type": "object",
              "properties": {
                "text": {
                  "title": "carpeta",
                  "type": "string",
                  "x-ms-dynamically-added": true,
                  "description": "carpeta",
                  "x-ms-content-hint": "TEXT"
                }
              },
              "required": [
                "text"
              ]
            }
          }
        }
      },
      "actions": {
        "Return_value(s)_to_Power_Virtual_Agents": {
          "runAfter": {
            "Aplicar_a_cada_uno": [
              "Succeeded"
            ]
          },
          "metadata": {
            "operationMetadataId": "7c98bc77-43ba-4e56-abf1-f92f43ee08c6"
          },
          "type": "Response",
          "kind": "VirtualAgent",
          "inputs": {
            "statusCode": 200,
            "body": {
              "vrespuesta": "@variables('vHeader')"
            },
            "schema": {
              "type": "object",
              "properties": {
                "vrespuesta": {
                  "title": "vRespuesta",
                  "x-ms-dynamically-added": true,
                  "type": "string"
                }
              }
            }
          }
        },
        "Inicializar_variable": {
          "runAfter": {},
          "metadata": {
            "operationMetadataId": "8e938c6e-3711-43f7-8ae4-911c2d16b515"
          },
          "type": "InitializeVariable",
          "inputs": {
            "variables": [
              {
                "name": "vHeader",
                "type": "string",
                "value": "| Titulo  | Modificado |  Autor |\n| :--------| :-------|:----------|"
              }
            ]
          }
        },
        "Aplicar_a_cada_uno": {
          "foreach": "@outputs('Obtener_archivos_(solo_propiedades)')?['body/value']",
          "actions": {
            "Condition": {
              "actions": {},
              "runAfter": {},
              "else": {
                "actions": {
                  "Anexar_a_la_variable_de_cadena_3": {
                    "runAfter": {},
                    "metadata": {
                      "operationMetadataId": "60d589c5-7941-4b44-a95c-fc26825af658"
                    },
                    "type": "AppendToStringVariable",
                    "inputs": {
                      "name": "vHeader",
                      "value": "\n|[@{items('Aplicar_a_cada_uno')?['{FilenameWithExtension}']}](@{items('Aplicar_a_cada_uno')?['{Link}']}) | @{formatDateTime(parseDateTime(items('Aplicar_a_cada_uno')?['Modified']), 'yyyy-MM-dd HH:mm', 'en-US')} | @{items('Aplicar_a_cada_uno')?['Editor/DisplayName']} |"
                    }
                  }
                }
              },
              "expression": {
                "equals": [
                  "@items('Aplicar_a_cada_uno')?['{IsFolder}']",
                  true
                ]
              },
              "metadata": {
                "operationMetadataId": "1e1c0ac1-70ea-40ce-b350-865a5b43b8e0"
              },
              "type": "If"
            }
          },
          "runAfter": {
            "Obtener_archivos_(solo_propiedades)": [
              "Succeeded"
            ]
          },
          "metadata": {
            "operationMetadataId": "f09c9be4-ce69-4505-9369-1c3b061a0a7d"
          },
          "type": "Foreach"
        },
        "Obtener_archivos_(solo_propiedades)": {
          "runAfter": {
            "Inicializar_variable": [
              "Succeeded"
            ]
          },
          "metadata": {
            "operationMetadataId": "021880f8-b0ba-4317-8a12-47363a04863d"
          },
          "type": "OpenApiConnection",
          "inputs": {
            "host": {
              "connectionName": "shared_sharepointonline",
              "operationId": "GetFileItems",
              "apiId": "/providers/Microsoft.PowerApps/apis/shared_sharepointonline"
            },
            "parameters": {
              "dataset": "https://alumnosunir.sharepoint.com/sites/TFM431",
              "table": "7c1ca935-49f1-4bab-8368-d8c3eda21fe8",
              "folderPath": "/Documentos compartidos/General/ANEXO A - REGISTROS Y EVIDENCIAS/@{triggerBody()['text']}",
              "viewScopeOption": "RecursiveAll"
            },
            "authentication": "@parameters('$authentication')"
          }
        }
      },
      "outputs": {}
    },
    "templateName": "c9cd2c4e691a4646adc8aa592c88489b"
  },
  "schemaVersion": "1.0.0.0"
}