{
  "namedEntities": [
    {
      "id": "4133de74-5fc3-44b0-a06b-a097a4800c0e",
      "displayName": "A.5.1 Directrices de gestión de la seguridad de la información",
      "createdTime": "2023-08-19T17:47:30.3710878Z",
      "updatedTime": "2023-08-28T09:45:38.4356145Z",
      "createdUserId": "0ba02999-31d1-4aa3-a0bb-cb53d26bb7e8",
      "updatedUserId": "0ba02999-31d1-4aa3-a0bb-cb53d26bb7e8"
    },
    {
      "id": "8f388f4f-5208-46fc-a162-14bc546ef8b2",
      "displayName": "A.6.1 Organización interna",
      "createdTime": "2023-08-19T17:47:30.3710878Z",
      "updatedTime": "2023-08-28T09:45:38.4356145Z",
      "createdUserId": "0ba02999-31d1-4aa3-a0bb-cb53d26bb7e8",
      "updatedUserId": "0ba02999-31d1-4aa3-a0bb-cb53d26bb7e8"
    },
    {
      "id": "b27f4f6c-6404-47c4-b968-0528d1ec7735",
      "displayName": "A.6.2 Los dispositivos móviles y el teletrabajo",
      "createdTime": "2023-08-19T17:47:30.3710878Z",
      "updatedTime": "2023-08-28T09:45:38.4356145Z",
      "createdUserId": "0ba02999-31d1-4aa3-a0bb-cb53d26bb7e8",
      "updatedUserId": "0ba02999-31d1-4aa3-a0bb-cb53d26bb7e8"
    },
    {
      "id": "c3991e1c-591e-452e-8811-efb8d3df84ce",
      "displayName": "A.7.1 Antes del empleo",
      "createdTime": "2023-08-19T17:47:30.3710878Z",
      "updatedTime": "2023-08-28T09:45:38.4356145Z",
      "createdUserId": "0ba02999-31d1-4aa3-a0bb-cb53d26bb7e8",
      "updatedUserId": "0ba02999-31d1-4aa3-a0bb-cb53d26bb7e8"
    },
    {
      "id": "4c111567-95bb-4297-b53d-d0d8adb60eda",
      "displayName": "A.7.2 Durante el empleo",
      "createdTime": "2023-08-19T17:47:30.3710878Z",
      "updatedTime": "2023-08-28T09:45:38.4356145Z",
      "createdUserId": "0ba02999-31d1-4aa3-a0bb-cb53d26bb7e8",
      "updatedUserId": "0ba02999-31d1-4aa3-a0bb-cb53d26bb7e8"
    },
    {
      "id": "b3fb0022-e5dd-4170-a3ad-1f64ee2b5341",
      "displayName": "A.7.3 Finalización del empleo o cambio en el puesto de trabajo",
      "createdTime": "2023-08-19T17:47:30.3710878Z",
      "updatedTime": "2023-08-28T09:45:38.4356145Z",
      "createdUserId": "0ba02999-31d1-4aa3-a0bb-cb53d26bb7e8",
      "updatedUserId": "0ba02999-31d1-4aa3-a0bb-cb53d26bb7e8"
    },
    {
      "id": "8119ba41-563d-423f-8593-0c28f693db52",
      "displayName": "A.8.1 Responsabilidad sobre los activos",
      "createdTime": "2023-08-19T17:47:30.3710878Z",
      "updatedTime": "2023-08-28T09:45:38.4356145Z",
      "createdUserId": "0ba02999-31d1-4aa3-a0bb-cb53d26bb7e8",
      "updatedUserId": "0ba02999-31d1-4aa3-a0bb-cb53d26bb7e8"
    },
    {
      "id": "6984bd88-f06f-4487-ae9a-181142584f8a",
      "displayName": "A.8.2 Clasificación de la información",
      "createdTime": "2023-08-19T17:47:30.3710878Z",
      "updatedTime": "2023-08-28T09:45:38.4356145Z",
      "createdUserId": "0ba02999-31d1-4aa3-a0bb-cb53d26bb7e8",
      "updatedUserId": "0ba02999-31d1-4aa3-a0bb-cb53d26bb7e8"
    },
    {
      "id": "9e5f8271-6777-43c5-a180-ddb009e90e57",
      "displayName": "A.8.3 Manipulación de los soportes",
      "createdTime": "2023-08-19T17:47:30.3710878Z",
      "updatedTime": "2023-08-28T09:45:38.4356145Z",
      "createdUserId": "0ba02999-31d1-4aa3-a0bb-cb53d26bb7e8",
      "updatedUserId": "0ba02999-31d1-4aa3-a0bb-cb53d26bb7e8"
    },
    {
      "id": "63a393fd-86b5-4706-8f9a-f5d22b093995",
      "displayName": "A.9.1 Requisitos de negocio para el control de acceso",
      "createdTime": "2023-08-19T17:47:30.3710878Z",
      "updatedTime": "2023-08-28T09:45:38.4356145Z",
      "createdUserId": "0ba02999-31d1-4aa3-a0bb-cb53d26bb7e8",
      "updatedUserId": "0ba02999-31d1-4aa3-a0bb-cb53d26bb7e8"
    },
    {
      "id": "0c640c0c-e902-43f6-aa84-2c41a08e9974",
      "displayName": "A.9.2 Gestión de acceso de usuario",
      "createdTime": "2023-08-19T17:47:30.3710878Z",
      "updatedTime": "2023-08-28T09:45:38.4356145Z",
      "createdUserId": "0ba02999-31d1-4aa3-a0bb-cb53d26bb7e8",
      "updatedUserId": "0ba02999-31d1-4aa3-a0bb-cb53d26bb7e8"
    },
    {
      "id": "c453f90c-1a83-4612-84e9-81ca136905da",
      "displayName": "A.9.3 Responsabilidades del usuario",
      "createdTime": "2023-08-19T18:31:02.5393788Z",
      "updatedTime": "2023-08-28T09:45:38.4356145Z",
      "createdUserId": "0ba02999-31d1-4aa3-a0bb-cb53d26bb7e8",
      "updatedUserId": "0ba02999-31d1-4aa3-a0bb-cb53d26bb7e8"
    },
    {
      "id": "ad2bf935-51cc-4943-8901-55105d782c0b",
      "displayName": "A.9.4 Control de acceso a sistemas y aplicaciones",
      "createdTime": "2023-08-19T18:31:02.5393788Z",
      "updatedTime": "2023-08-28T09:45:38.4356145Z",
      "createdUserId": "0ba02999-31d1-4aa3-a0bb-cb53d26bb7e8",
      "updatedUserId": "0ba02999-31d1-4aa3-a0bb-cb53d26bb7e8"
    },
    {
      "id": "47515eed-3096-49fc-9498-73e4ce7ad2c3",
      "displayName": "A.10.1 Controles criptográficos",
      "createdTime": "2023-08-19T18:31:02.5393788Z",
      "updatedTime": "2023-08-28T09:45:38.4356145Z",
      "createdUserId": "0ba02999-31d1-4aa3-a0bb-cb53d26bb7e8",
      "updatedUserId": "0ba02999-31d1-4aa3-a0bb-cb53d26bb7e8"
    },
    {
      "id": "734e9523-828f-4f76-9278-1d1faaf9346e",
      "displayName": "A.11.1 Áreas seguras",
      "createdTime": "2023-08-19T18:31:02.5393788Z",
      "updatedTime": "2023-08-28T09:45:38.4356145Z",
      "createdUserId": "0ba02999-31d1-4aa3-a0bb-cb53d26bb7e8",
      "updatedUserId": "0ba02999-31d1-4aa3-a0bb-cb53d26bb7e8"
    },
    {
      "id": "364c057a-b6a0-42a5-b2b0-23cd55432899",
      "displayName": "A.11.2 Seguridad de los equipos",
      "createdTime": "2023-08-19T18:31:02.5393788Z",
      "updatedTime": "2023-08-28T09:45:38.4356145Z",
      "createdUserId": "0ba02999-31d1-4aa3-a0bb-cb53d26bb7e8",
      "updatedUserId": "0ba02999-31d1-4aa3-a0bb-cb53d26bb7e8"
    },
    {
      "id": "c87a7157-9695-4813-b843-dbd91351feec",
      "displayName": "A.12.1 Procedimientos y responsabilidades operacionales",
      "createdTime": "2023-08-19T18:31:02.5393788Z",
      "updatedTime": "2023-08-28T09:45:38.4356145Z",
      "createdUserId": "0ba02999-31d1-4aa3-a0bb-cb53d26bb7e8",
      "updatedUserId": "0ba02999-31d1-4aa3-a0bb-cb53d26bb7e8"
    },
    {
      "id": "b4fe5761-6b35-42a3-a429-1a9fd931f5f5",
      "displayName": "A.12.2 Protección contra el software malicioso (malware)",
      "createdTime": "2023-08-19T18:31:02.5393788Z",
      "updatedTime": "2023-08-28T09:45:38.4356145Z",
      "createdUserId": "0ba02999-31d1-4aa3-a0bb-cb53d26bb7e8",
      "updatedUserId": "0ba02999-31d1-4aa3-a0bb-cb53d26bb7e8"
    },
    {
      "id": "9f2712f2-71b9-475f-a87f-e9673be5d314",
      "displayName": "A.12.3 Copias de seguridad",
      "createdTime": "2023-08-19T18:31:02.5393788Z",
      "updatedTime": "2023-08-28T09:45:38.4356145Z",
      "createdUserId": "0ba02999-31d1-4aa3-a0bb-cb53d26bb7e8",
      "updatedUserId": "0ba02999-31d1-4aa3-a0bb-cb53d26bb7e8"
    },
    {
      "id": "c8c1daef-68de-4f4c-8773-1d16392f9c7c",
      "displayName": "A.12.4 Registros y supervisión",
      "createdTime": "2023-08-19T18:31:02.5393788Z",
      "updatedTime": "2023-08-28T09:45:38.4356145Z",
      "createdUserId": "0ba02999-31d1-4aa3-a0bb-cb53d26bb7e8",
      "updatedUserId": "0ba02999-31d1-4aa3-a0bb-cb53d26bb7e8"
    },
    {
      "id": "91cdbae4-ab86-49b7-b1d2-6e10910d0ebc",
      "displayName": "A.12.5 Control del software en explotación",
      "createdTime": "2023-08-19T18:31:02.5393788Z",
      "updatedTime": "2023-08-28T09:45:38.4356145Z",
      "createdUserId": "0ba02999-31d1-4aa3-a0bb-cb53d26bb7e8",
      "updatedUserId": "0ba02999-31d1-4aa3-a0bb-cb53d26bb7e8"
    },
    {
      "id": "7cf2258d-4a5b-4353-b072-601694820988",
      "displayName": "A.12.6 Gestión de la vulnerabilidad técnica",
      "createdTime": "2023-08-19T18:31:02.5393788Z",
      "updatedTime": "2023-08-28T09:45:38.4356145Z",
      "createdUserId": "0ba02999-31d1-4aa3-a0bb-cb53d26bb7e8",
      "updatedUserId": "0ba02999-31d1-4aa3-a0bb-cb53d26bb7e8"
    },
    {
      "id": "071f6178-bd2e-4795-88d4-de06ae0ca679",
      "displayName": "A.12.7 Consideraciones sobre la auditoría de sistemas de información",
      "createdTime": "2023-08-19T18:31:02.5393788Z",
      "updatedTime": "2023-08-28T09:45:38.4356145Z",
      "createdUserId": "0ba02999-31d1-4aa3-a0bb-cb53d26bb7e8",
      "updatedUserId": "0ba02999-31d1-4aa3-a0bb-cb53d26bb7e8"
    },
    {
      "id": "eb0a46cd-e335-428d-8ca0-5a27fee92aba",
      "displayName": "A.13.1 Gestión de la seguridad de redes",
      "createdTime": "2023-08-19T18:31:02.5393788Z",
      "updatedTime": "2023-08-28T09:45:38.4356145Z",
      "createdUserId": "0ba02999-31d1-4aa3-a0bb-cb53d26bb7e8",
      "updatedUserId": "0ba02999-31d1-4aa3-a0bb-cb53d26bb7e8"
    },
    {
      "id": "5bcc10f6-d9b1-4e5f-8e3f-acf221be9c11",
      "displayName": "A.13.2 Intercambio de información",
      "createdTime": "2023-08-19T18:31:02.5393788Z",
      "updatedTime": "2023-08-28T09:45:38.4356145Z",
      "createdUserId": "0ba02999-31d1-4aa3-a0bb-cb53d26bb7e8",
      "updatedUserId": "0ba02999-31d1-4aa3-a0bb-cb53d26bb7e8"
    },
    {
      "id": "659e23bc-a494-48f8-bcd8-22cd76f9de43",
      "displayName": "A.14.1 Requisitos de seguridad en los sistemas de información",
      "createdTime": "2023-08-19T18:31:02.5393788Z",
      "updatedTime": "2023-08-28T09:45:38.4356145Z",
      "createdUserId": "0ba02999-31d1-4aa3-a0bb-cb53d26bb7e8",
      "updatedUserId": "0ba02999-31d1-4aa3-a0bb-cb53d26bb7e8"
    },
    {
      "id": "db5b877e-fe6b-42cf-abe7-50cfe198d35a",
      "displayName": "A.14.2 Seguridad en el desarrollo y en los procesos de soporte",
      "createdTime": "2023-08-19T18:31:02.5393788Z",
      "updatedTime": "2023-08-28T09:45:38.4356145Z",
      "createdUserId": "0ba02999-31d1-4aa3-a0bb-cb53d26bb7e8",
      "updatedUserId": "0ba02999-31d1-4aa3-a0bb-cb53d26bb7e8"
    },
    {
      "id": "ee5f4418-3cdd-4d06-9dd9-c088389841d9",
      "displayName": "A.14.3 Datos de prueba",
      "createdTime": "2023-08-19T18:31:02.5393788Z",
      "updatedTime": "2023-08-28T09:45:38.4356145Z",
      "createdUserId": "0ba02999-31d1-4aa3-a0bb-cb53d26bb7e8",
      "updatedUserId": "0ba02999-31d1-4aa3-a0bb-cb53d26bb7e8"
    },
    {
      "id": "22ce3a58-64ad-485a-9049-f4df10aa4d82",
      "displayName": "A.15.1 Seguridad en las relaciones con proveedores",
      "createdTime": "2023-08-19T18:31:02.5393788Z",
      "updatedTime": "2023-08-28T09:45:38.4356145Z",
      "createdUserId": "0ba02999-31d1-4aa3-a0bb-cb53d26bb7e8",
      "updatedUserId": "0ba02999-31d1-4aa3-a0bb-cb53d26bb7e8"
    },
    {
      "id": "e001b78f-4e1c-4d10-9471-e6b1763d5374",
      "displayName": "A.15.2 Gestión de la provisión de servicios del proveedor",
      "createdTime": "2023-08-19T18:31:02.5393788Z",
      "updatedTime": "2023-08-28T09:45:38.4356145Z",
      "createdUserId": "0ba02999-31d1-4aa3-a0bb-cb53d26bb7e8",
      "updatedUserId": "0ba02999-31d1-4aa3-a0bb-cb53d26bb7e8"
    },
    {
      "id": "3e8edf0a-1846-4c3e-a0ff-fa5b87bb05a8",
      "displayName": "A.16.1 Gestión de incidentes de seguridad de la información y mejoras",
      "createdTime": "2023-08-19T18:31:02.5393788Z",
      "updatedTime": "2023-08-28T09:45:38.4356145Z",
      "createdUserId": "0ba02999-31d1-4aa3-a0bb-cb53d26bb7e8",
      "updatedUserId": "0ba02999-31d1-4aa3-a0bb-cb53d26bb7e8"
    },
    {
      "id": "c54a95ee-fca4-4c85-99c9-28b92e6d1582",
      "displayName": "A.17.1 Continuidad de la seguridad de la información",
      "createdTime": "2023-08-19T18:31:02.5393788Z",
      "updatedTime": "2023-08-28T09:45:38.4356145Z",
      "createdUserId": "0ba02999-31d1-4aa3-a0bb-cb53d26bb7e8",
      "updatedUserId": "0ba02999-31d1-4aa3-a0bb-cb53d26bb7e8"
    },
    {
      "id": "22c0edfd-9985-4a95-b75c-c5c8d83e5f4a",
      "displayName": "A.17.2 Redundancias",
      "createdTime": "2023-08-19T18:31:02.5393788Z",
      "updatedTime": "2023-08-28T09:45:38.4356145Z",
      "createdUserId": "0ba02999-31d1-4aa3-a0bb-cb53d26bb7e8",
      "updatedUserId": "0ba02999-31d1-4aa3-a0bb-cb53d26bb7e8"
    },
    {
      "id": "d5b784c6-d0fb-4129-9ed3-8c616404aa70",
      "displayName": "A.18.1 Cumplimiento de los requisitos legales y contractuales",
      "createdTime": "2023-08-19T18:38:08.8599452Z",
      "updatedTime": "2023-08-28T09:45:38.4356145Z",
      "createdUserId": "0ba02999-31d1-4aa3-a0bb-cb53d26bb7e8",
      "updatedUserId": "0ba02999-31d1-4aa3-a0bb-cb53d26bb7e8"
    },
    {
      "id": "ed7d8d3a-c056-48b5-ae07-37900b3ae437",
      "displayName": "A.18.2 Revisiones de la seguridad de la información",
      "createdTime": "2023-08-19T18:38:08.8599452Z",
      "updatedTime": "2023-08-28T09:45:38.4356145Z",
      "createdUserId": "0ba02999-31d1-4aa3-a0bb-cb53d26bb7e8",
      "updatedUserId": "0ba02999-31d1-4aa3-a0bb-cb53d26bb7e8"
    }
  ],
  "closedListTypes": [
    {
      "namedEntities": [
        "4133de74-5fc3-44b0-a06b-a097a4800c0e",
        "8f388f4f-5208-46fc-a162-14bc546ef8b2",
        "b27f4f6c-6404-47c4-b968-0528d1ec7735",
        "c3991e1c-591e-452e-8811-efb8d3df84ce",
        "4c111567-95bb-4297-b53d-d0d8adb60eda",
        "b3fb0022-e5dd-4170-a3ad-1f64ee2b5341",
        "8119ba41-563d-423f-8593-0c28f693db52",
        "6984bd88-f06f-4487-ae9a-181142584f8a",
        "9e5f8271-6777-43c5-a180-ddb009e90e57",
        "63a393fd-86b5-4706-8f9a-f5d22b093995",
        "0c640c0c-e902-43f6-aa84-2c41a08e9974",
        "c453f90c-1a83-4612-84e9-81ca136905da",
        "ad2bf935-51cc-4943-8901-55105d782c0b",
        "47515eed-3096-49fc-9498-73e4ce7ad2c3",
        "734e9523-828f-4f76-9278-1d1faaf9346e",
        "364c057a-b6a0-42a5-b2b0-23cd55432899",
        "c87a7157-9695-4813-b843-dbd91351feec",
        "b4fe5761-6b35-42a3-a429-1a9fd931f5f5",
        "9f2712f2-71b9-475f-a87f-e9673be5d314",
        "c8c1daef-68de-4f4c-8773-1d16392f9c7c",
        "91cdbae4-ab86-49b7-b1d2-6e10910d0ebc",
        "7cf2258d-4a5b-4353-b072-601694820988",
        "071f6178-bd2e-4795-88d4-de06ae0ca679",
        "eb0a46cd-e335-428d-8ca0-5a27fee92aba",
        "5bcc10f6-d9b1-4e5f-8e3f-acf221be9c11",
        "659e23bc-a494-48f8-bcd8-22cd76f9de43",
        "db5b877e-fe6b-42cf-abe7-50cfe198d35a",
        "ee5f4418-3cdd-4d06-9dd9-c088389841d9",
        "22ce3a58-64ad-485a-9049-f4df10aa4d82",
        "e001b78f-4e1c-4d10-9471-e6b1763d5374",
        "3e8edf0a-1846-4c3e-a0ff-fa5b87bb05a8",
        "c54a95ee-fca4-4c85-99c9-28b92e6d1582",
        "22c0edfd-9985-4a95-b75c-c5c8d83e5f4a",
        "d5b784c6-d0fb-4129-9ed3-8c616404aa70",
        "ed7d8d3a-c056-48b5-ae07-37900b3ae437"
      ],
      "smartMatchingEnabled": true,
      "customTypeSchema": "ClosedList",
      "id": "new_customtype_51335fabe5b344ccb0b4e90f95d61c26",
      "displayName": "Objetivos de Control anexo A ISO27001",
      "description": "",
      "createdTime": "2023-08-19T17:47:30.3710878Z",
      "updatedTime": "2023-08-28T09:45:38.4356145Z",
      "createdUserId": "0ba02999-31d1-4aa3-a0bb-cb53d26bb7e8",
      "updatedUserId": "0ba02999-31d1-4aa3-a0bb-cb53d26bb7e8"
    }
  ]
}