<botcomponent_workflowset>
  <botcomponent_workflow botcomponentid.schemaname="new_topic_0f381747a49f49f6a35ad4641791346e" workflowid.workflowid="f1e0fe9b-2ff7-ed11-8848-000d3ab961ad">
    <iscustomizable>1</iscustomizable>
  </botcomponent_workflow>
  <botcomponent_workflow botcomponentid.schemaname="new_topic_55d65a0bb5bf4b2587a03e305542dbb6" workflowid.workflowid="d7b9bc11-cb40-ee11-bdf3-000d3ab961ad">
    <iscustomizable>1</iscustomizable>
  </botcomponent_workflow>
  <botcomponent_workflow botcomponentid.schemaname="new_topic_6f77d7c1fe354a59962f8136423f8ab9" workflowid.workflowid="b691647e-19f8-ed11-8848-000d3ab961ad">
    <iscustomizable>1</iscustomizable>
  </botcomponent_workflow>
  <botcomponent_workflow botcomponentid.schemaname="new_topic_79538282c06e4cf8adecb5f077e6ea48" workflowid.workflowid="b98cc55e-f631-ee11-bdf4-000d3ab961ad">
    <iscustomizable>1</iscustomizable>
  </botcomponent_workflow>
  <botcomponent_workflow botcomponentid.schemaname="new_topic_7bb5d4d9f9294cf2aa099b46c40b933a" workflowid.workflowid="a6cb6636-c9f7-ed11-8848-000d3ab961ad">
    <iscustomizable>1</iscustomizable>
  </botcomponent_workflow>
</botcomponent_workflowset>