<botcomponent_botcomponentset>
  <botcomponent_botcomponent botcomponentidone.schemaname="new_topic_0b353d3c8f35488a8c486d1ec58ae4c2" botcomponentidtwo.schemaname="new_customtype_51335fabe5b344ccb0b4e90f95d61c26">
    <iscustomizable>1</iscustomizable>
  </botcomponent_botcomponent>
  <botcomponent_botcomponent botcomponentidone.schemaname="new_topic_0b353d3c8f35488a8c486d1ec58ae4c2" botcomponentidtwo.schemaname="new_topic_afa53e9e7f244b429cd7a7fc0aec0dde_aeabea4d071f415c8c107e1cb7af5424_assumedsuccess">
    <iscustomizable>1</iscustomizable>
  </botcomponent_botcomponent>
  <botcomponent_botcomponent botcomponentidone.schemaname="new_topic_0bb59ca59c36454ba81b68c4bb8d7c95" botcomponentidtwo.schemaname="new_topic_afa53e9e7f244b429cd7a7fc0aec0dde_ba7b967c97ba4c39bca58a8bb6a72d59_conversationstart">
    <iscustomizable>1</iscustomizable>
  </botcomponent_botcomponent>
  <botcomponent_botcomponent botcomponentidone.schemaname="new_topic_17ccf53cd03f48be82d160d3bf5ec356" botcomponentidtwo.schemaname="new_customtype_db9a58d30c9347d5a30ccf978e42bf18">
    <iscustomizable>1</iscustomizable>
  </botcomponent_botcomponent>
  <botcomponent_botcomponent botcomponentidone.schemaname="new_topic_17ccf53cd03f48be82d160d3bf5ec356" botcomponentidtwo.schemaname="new_topic_afa53e9e7f244b429cd7a7fc0aec0dde_aeabea4d071f415c8c107e1cb7af5424_assumedsuccess">
    <iscustomizable>1</iscustomizable>
  </botcomponent_botcomponent>
  <botcomponent_botcomponent botcomponentidone.schemaname="new_topic_55d65a0bb5bf4b2587a03e305542dbb6" botcomponentidtwo.schemaname="new_topic_afa53e9e7f244b429cd7a7fc0aec0dde_aeabea4d071f415c8c107e1cb7af5424_assumedsuccess">
    <iscustomizable>1</iscustomizable>
  </botcomponent_botcomponent>
  <botcomponent_botcomponent botcomponentidone.schemaname="new_topic_5b2c47c08891403cb8f56f5bc5776a28" botcomponentidtwo.schemaname="new_topic_719dbd219d1047ed8b1f7f8476577650">
    <iscustomizable>1</iscustomizable>
  </botcomponent_botcomponent>
  <botcomponent_botcomponent botcomponentidone.schemaname="new_topic_5b2c47c08891403cb8f56f5bc5776a28" botcomponentidtwo.schemaname="new_topic_afa53e9e7f244b429cd7a7fc0aec0dde_aeabea4d071f415c8c107e1cb7af5424_assumedsuccess">
    <iscustomizable>1</iscustomizable>
  </botcomponent_botcomponent>
  <botcomponent_botcomponent botcomponentidone.schemaname="new_topic_5b2c47c08891403cb8f56f5bc5776a28" botcomponentidtwo.schemaname="new_topic_e7d9becf1461443494fc5f874aa2ab94">
    <iscustomizable>1</iscustomizable>
  </botcomponent_botcomponent>
  <botcomponent_botcomponent botcomponentidone.schemaname="new_topic_65e6b61ef4d44bbd8caa2cea2bbe6185" botcomponentidtwo.schemaname="new_topic_55d65a0bb5bf4b2587a03e305542dbb6">
    <iscustomizable>1</iscustomizable>
  </botcomponent_botcomponent>
  <botcomponent_botcomponent botcomponentidone.schemaname="new_topic_65e6b61ef4d44bbd8caa2cea2bbe6185" botcomponentidtwo.schemaname="new_topic_79538282c06e4cf8adecb5f077e6ea48">
    <iscustomizable>1</iscustomizable>
  </botcomponent_botcomponent>
  <botcomponent_botcomponent botcomponentidone.schemaname="new_topic_65e6b61ef4d44bbd8caa2cea2bbe6185" botcomponentidtwo.schemaname="new_topic_afa53e9e7f244b429cd7a7fc0aec0dde_aeabea4d071f415c8c107e1cb7af5424_assumedsuccess">
    <iscustomizable>1</iscustomizable>
  </botcomponent_botcomponent>
  <botcomponent_botcomponent botcomponentidone.schemaname="new_topic_6cabfcf928b44fee9b656d4273cd6778" botcomponentidtwo.schemaname="new_customtype_db9a58d30c9347d5a30ccf978e42bf18">
    <iscustomizable>1</iscustomizable>
  </botcomponent_botcomponent>
  <botcomponent_botcomponent botcomponentidone.schemaname="new_topic_6cabfcf928b44fee9b656d4273cd6778" botcomponentidtwo.schemaname="new_topic_17ccf53cd03f48be82d160d3bf5ec356">
    <iscustomizable>1</iscustomizable>
  </botcomponent_botcomponent>
  <botcomponent_botcomponent botcomponentidone.schemaname="new_topic_6cabfcf928b44fee9b656d4273cd6778" botcomponentidtwo.schemaname="new_topic_9c136362e6154291a2e52a6f2b0fa6d3">
    <iscustomizable>1</iscustomizable>
  </botcomponent_botcomponent>
  <botcomponent_botcomponent botcomponentidone.schemaname="new_topic_6cabfcf928b44fee9b656d4273cd6778" botcomponentidtwo.schemaname="new_topic_afa53e9e7f244b429cd7a7fc0aec0dde_aeabea4d071f415c8c107e1cb7af5424_assumedsuccess">
    <iscustomizable>1</iscustomizable>
  </botcomponent_botcomponent>
  <botcomponent_botcomponent botcomponentidone.schemaname="new_topic_6cabfcf928b44fee9b656d4273cd6778" botcomponentidtwo.schemaname="new_topic_bf9cf4e31baa4d5e92a398fa36785acf">
    <iscustomizable>1</iscustomizable>
  </botcomponent_botcomponent>
  <botcomponent_botcomponent botcomponentidone.schemaname="new_topic_6f77d7c1fe354a59962f8136423f8ab9" botcomponentidtwo.schemaname="new_customtype_b77e1856bc9b4d2397d7ed6e0a65a139">
    <iscustomizable>1</iscustomizable>
  </botcomponent_botcomponent>
  <botcomponent_botcomponent botcomponentidone.schemaname="new_topic_719dbd219d1047ed8b1f7f8476577650" botcomponentidtwo.schemaname="new_topic_0b353d3c8f35488a8c486d1ec58ae4c2">
    <iscustomizable>1</iscustomizable>
  </botcomponent_botcomponent>
  <botcomponent_botcomponent botcomponentidone.schemaname="new_topic_719dbd219d1047ed8b1f7f8476577650" botcomponentidtwo.schemaname="new_topic_afa53e9e7f244b429cd7a7fc0aec0dde_aeabea4d071f415c8c107e1cb7af5424_assumedsuccess">
    <iscustomizable>1</iscustomizable>
  </botcomponent_botcomponent>
  <botcomponent_botcomponent botcomponentidone.schemaname="new_topic_719dbd219d1047ed8b1f7f8476577650" botcomponentidtwo.schemaname="new_topic_b5d53568f3774d59a95394966cc69a40">
    <iscustomizable>1</iscustomizable>
  </botcomponent_botcomponent>
  <botcomponent_botcomponent botcomponentidone.schemaname="new_topic_719dbd219d1047ed8b1f7f8476577650" botcomponentidtwo.schemaname="new_topic_d0160a5228434f2796def0ffe7b87d87">
    <iscustomizable>1</iscustomizable>
  </botcomponent_botcomponent>
  <botcomponent_botcomponent botcomponentidone.schemaname="new_topic_79538282c06e4cf8adecb5f077e6ea48" botcomponentidtwo.schemaname="new_topic_afa53e9e7f244b429cd7a7fc0aec0dde_aeabea4d071f415c8c107e1cb7af5424_assumedsuccess">
    <iscustomizable>1</iscustomizable>
  </botcomponent_botcomponent>
  <botcomponent_botcomponent botcomponentidone.schemaname="new_topic_7bb5d4d9f9294cf2aa099b46c40b933a" botcomponentidtwo.schemaname="new_customtype_4413e7e5e0bd41779ea9993913da08b8">
    <iscustomizable>1</iscustomizable>
  </botcomponent_botcomponent>
  <botcomponent_botcomponent botcomponentidone.schemaname="new_topic_8e0e2335fca244a191d6e9618adcd097" botcomponentidtwo.schemaname="new_customtype_db9a58d30c9347d5a30ccf978e42bf18">
    <iscustomizable>1</iscustomizable>
  </botcomponent_botcomponent>
  <botcomponent_botcomponent botcomponentidone.schemaname="new_topic_8e0e2335fca244a191d6e9618adcd097" botcomponentidtwo.schemaname="new_topic_afa53e9e7f244b429cd7a7fc0aec0dde_aeabea4d071f415c8c107e1cb7af5424_assumedsuccess">
    <iscustomizable>1</iscustomizable>
  </botcomponent_botcomponent>
  <botcomponent_botcomponent botcomponentidone.schemaname="new_topic_9c136362e6154291a2e52a6f2b0fa6d3" botcomponentidtwo.schemaname="new_customtype_db9a58d30c9347d5a30ccf978e42bf18">
    <iscustomizable>1</iscustomizable>
  </botcomponent_botcomponent>
  <botcomponent_botcomponent botcomponentidone.schemaname="new_topic_9c136362e6154291a2e52a6f2b0fa6d3" botcomponentidtwo.schemaname="new_topic_afa53e9e7f244b429cd7a7fc0aec0dde_aeabea4d071f415c8c107e1cb7af5424_assumedsuccess">
    <iscustomizable>1</iscustomizable>
  </botcomponent_botcomponent>
  <botcomponent_botcomponent botcomponentidone.schemaname="new_topic_a505b83894e44806badf1cc214c5b780" botcomponentidtwo.schemaname="new_topic_afa53e9e7f244b429cd7a7fc0aec0dde_aeabea4d071f415c8c107e1cb7af5424_assumedsuccess">
    <iscustomizable>1</iscustomizable>
  </botcomponent_botcomponent>
  <botcomponent_botcomponent botcomponentidone.schemaname="new_topic_aee00ad960f74060b334208b33a1077c" botcomponentidtwo.schemaname="new_customtype_db9a58d30c9347d5a30ccf978e42bf18">
    <iscustomizable>1</iscustomizable>
  </botcomponent_botcomponent>
  <botcomponent_botcomponent botcomponentidone.schemaname="new_topic_aee00ad960f74060b334208b33a1077c" botcomponentidtwo.schemaname="new_topic_afa53e9e7f244b429cd7a7fc0aec0dde_aeabea4d071f415c8c107e1cb7af5424_assumedsuccess">
    <iscustomizable>1</iscustomizable>
  </botcomponent_botcomponent>
  <botcomponent_botcomponent botcomponentidone.schemaname="new_topic_afa53e9e7f244b429cd7a7fc0aec0dde_21a34f1673a24096a99ba0effb63cc1d" botcomponentidtwo.schemaname="new_topic_afa53e9e7f244b429cd7a7fc0aec0dde_aeabea4d071f415c8c107e1cb7af5424_assumedsuccess">
    <iscustomizable>1</iscustomizable>
  </botcomponent_botcomponent>
  <botcomponent_botcomponent botcomponentidone.schemaname="new_topic_afa53e9e7f244b429cd7a7fc0aec0dde_33d5123770ba4daeafae51b361ddc80a" botcomponentidtwo.schemaname="new_topic_afa53e9e7f244b429cd7a7fc0aec0dde_aeabea4d071f415c8c107e1cb7af5424_assumedsuccess">
    <iscustomizable>1</iscustomizable>
  </botcomponent_botcomponent>
  <botcomponent_botcomponent botcomponentidone.schemaname="new_topic_afa53e9e7f244b429cd7a7fc0aec0dde_85df75ce08a44a9b82cc8f3fdb25f669" botcomponentidtwo.schemaname="new_customtype_afa53e9e7f244b429cd7a7fc0aec0dde_f86fcadfd497444e91ed11c12b059d10">
    <iscustomizable>1</iscustomizable>
  </botcomponent_botcomponent>
  <botcomponent_botcomponent botcomponentidone.schemaname="new_topic_afa53e9e7f244b429cd7a7fc0aec0dde_85df75ce08a44a9b82cc8f3fdb25f669" botcomponentidtwo.schemaname="new_topic_afa53e9e7f244b429cd7a7fc0aec0dde_aeabea4d071f415c8c107e1cb7af5424_assumedsuccess">
    <iscustomizable>1</iscustomizable>
  </botcomponent_botcomponent>
  <botcomponent_botcomponent botcomponentidone.schemaname="new_topic_afa53e9e7f244b429cd7a7fc0aec0dde_8a4964498f83424bb3a86295bf7d0952_startover" botcomponentidtwo.schemaname="new_topic_afa53e9e7f244b429cd7a7fc0aec0dde_ba7b967c97ba4c39bca58a8bb6a72d59_conversationstart">
    <iscustomizable>1</iscustomizable>
  </botcomponent_botcomponent>
  <botcomponent_botcomponent botcomponentidone.schemaname="new_topic_afa53e9e7f244b429cd7a7fc0aec0dde_aeabea4d071f415c8c107e1cb7af5424_assumedsuccess" botcomponentidtwo.schemaname="new_topic_afa53e9e7f244b429cd7a7fc0aec0dde_d2198a5ee41a48a5bf70ab8970145a9f_confirmedfailure">
    <iscustomizable>1</iscustomizable>
  </botcomponent_botcomponent>
  <botcomponent_botcomponent botcomponentidone.schemaname="new_topic_afa53e9e7f244b429cd7a7fc0aec0dde_aeabea4d071f415c8c107e1cb7af5424_assumedsuccess" botcomponentidtwo.schemaname="new_topic_afa53e9e7f244b429cd7a7fc0aec0dde_db1f76b081dc43389df9dd2df7518737_confirmedsuccess">
    <iscustomizable>1</iscustomizable>
  </botcomponent_botcomponent>
  <botcomponent_botcomponent botcomponentidone.schemaname="new_topic_afa53e9e7f244b429cd7a7fc0aec0dde_d2198a5ee41a48a5bf70ab8970145a9f_confirmedfailure" botcomponentidtwo.schemaname="new_topic_afa53e9e7f244b429cd7a7fc0aec0dde_954135cafcd647eaae5999ad91fc08cf_talktoagent">
    <iscustomizable>1</iscustomizable>
  </botcomponent_botcomponent>
  <botcomponent_botcomponent botcomponentidone.schemaname="new_topic_afa53e9e7f244b429cd7a7fc0aec0dde_db1f76b081dc43389df9dd2df7518737_confirmedsuccess" botcomponentidtwo.schemaname="new_customtype_afa53e9e7f244b429cd7a7fc0aec0dde_92610204747047ac8f788f7eecd91118">
    <iscustomizable>1</iscustomizable>
  </botcomponent_botcomponent>
  <botcomponent_botcomponent botcomponentidone.schemaname="new_topic_afa53e9e7f244b429cd7a7fc0aec0dde_db1f76b081dc43389df9dd2df7518737_confirmedsuccess" botcomponentidtwo.schemaname="new_topic_afa53e9e7f244b429cd7a7fc0aec0dde_f56d1a3e522740c78f9fac0939332dbd_goodbye">
    <iscustomizable>1</iscustomizable>
  </botcomponent_botcomponent>
  <botcomponent_botcomponent botcomponentidone.schemaname="new_topic_afa53e9e7f244b429cd7a7fc0aec0dde_dbafebd526364487911b63a2a774389f" botcomponentidtwo.schemaname="new_topic_afa53e9e7f244b429cd7a7fc0aec0dde_aeabea4d071f415c8c107e1cb7af5424_assumedsuccess">
    <iscustomizable>1</iscustomizable>
  </botcomponent_botcomponent>
  <botcomponent_botcomponent botcomponentidone.schemaname="new_topic_b5d53568f3774d59a95394966cc69a40" botcomponentidtwo.schemaname="new_customtype_51335fabe5b344ccb0b4e90f95d61c26">
    <iscustomizable>1</iscustomizable>
  </botcomponent_botcomponent>
  <botcomponent_botcomponent botcomponentidone.schemaname="new_topic_b5d53568f3774d59a95394966cc69a40" botcomponentidtwo.schemaname="new_topic_afa53e9e7f244b429cd7a7fc0aec0dde_aeabea4d071f415c8c107e1cb7af5424_assumedsuccess">
    <iscustomizable>1</iscustomizable>
  </botcomponent_botcomponent>
  <botcomponent_botcomponent botcomponentidone.schemaname="new_topic_bf9cf4e31baa4d5e92a398fa36785acf" botcomponentidtwo.schemaname="new_customtype_db9a58d30c9347d5a30ccf978e42bf18">
    <iscustomizable>1</iscustomizable>
  </botcomponent_botcomponent>
  <botcomponent_botcomponent botcomponentidone.schemaname="new_topic_bf9cf4e31baa4d5e92a398fa36785acf" botcomponentidtwo.schemaname="new_topic_afa53e9e7f244b429cd7a7fc0aec0dde_aeabea4d071f415c8c107e1cb7af5424_assumedsuccess">
    <iscustomizable>1</iscustomizable>
  </botcomponent_botcomponent>
  <botcomponent_botcomponent botcomponentidone.schemaname="new_topic_d0160a5228434f2796def0ffe7b87d87" botcomponentidtwo.schemaname="new_customtype_51335fabe5b344ccb0b4e90f95d61c26">
    <iscustomizable>1</iscustomizable>
  </botcomponent_botcomponent>
  <botcomponent_botcomponent botcomponentidone.schemaname="new_topic_d0160a5228434f2796def0ffe7b87d87" botcomponentidtwo.schemaname="new_topic_afa53e9e7f244b429cd7a7fc0aec0dde_aeabea4d071f415c8c107e1cb7af5424_assumedsuccess">
    <iscustomizable>1</iscustomizable>
  </botcomponent_botcomponent>
  <botcomponent_botcomponent botcomponentidone.schemaname="new_topic_d71b0999c77f4ad182129de509f92a39" botcomponentidtwo.schemaname="new_customtype_db9a58d30c9347d5a30ccf978e42bf18">
    <iscustomizable>1</iscustomizable>
  </botcomponent_botcomponent>
  <botcomponent_botcomponent botcomponentidone.schemaname="new_topic_d71b0999c77f4ad182129de509f92a39" botcomponentidtwo.schemaname="new_topic_afa53e9e7f244b429cd7a7fc0aec0dde_aeabea4d071f415c8c107e1cb7af5424_assumedsuccess">
    <iscustomizable>1</iscustomizable>
  </botcomponent_botcomponent>
  <botcomponent_botcomponent botcomponentidone.schemaname="new_topic_dbe44061b3434b21a51906e640259601" botcomponentidtwo.schemaname="new_customtype_db9a58d30c9347d5a30ccf978e42bf18">
    <iscustomizable>1</iscustomizable>
  </botcomponent_botcomponent>
  <botcomponent_botcomponent botcomponentidone.schemaname="new_topic_dbe44061b3434b21a51906e640259601" botcomponentidtwo.schemaname="new_topic_afa53e9e7f244b429cd7a7fc0aec0dde_aeabea4d071f415c8c107e1cb7af5424_assumedsuccess">
    <iscustomizable>1</iscustomizable>
  </botcomponent_botcomponent>
  <botcomponent_botcomponent botcomponentidone.schemaname="new_topic_e211f44c8b954548bbfefd53384d1ac6" botcomponentidtwo.schemaname="new_customtype_db9a58d30c9347d5a30ccf978e42bf18">
    <iscustomizable>1</iscustomizable>
  </botcomponent_botcomponent>
  <botcomponent_botcomponent botcomponentidone.schemaname="new_topic_e211f44c8b954548bbfefd53384d1ac6" botcomponentidtwo.schemaname="new_topic_afa53e9e7f244b429cd7a7fc0aec0dde_aeabea4d071f415c8c107e1cb7af5424_assumedsuccess">
    <iscustomizable>1</iscustomizable>
  </botcomponent_botcomponent>
  <botcomponent_botcomponent botcomponentidone.schemaname="new_topic_e7d9becf1461443494fc5f874aa2ab94" botcomponentidtwo.schemaname="new_customtype_db9a58d30c9347d5a30ccf978e42bf18">
    <iscustomizable>1</iscustomizable>
  </botcomponent_botcomponent>
  <botcomponent_botcomponent botcomponentidone.schemaname="new_topic_e7d9becf1461443494fc5f874aa2ab94" botcomponentidtwo.schemaname="new_topic_8e0e2335fca244a191d6e9618adcd097">
    <iscustomizable>1</iscustomizable>
  </botcomponent_botcomponent>
  <botcomponent_botcomponent botcomponentidone.schemaname="new_topic_e7d9becf1461443494fc5f874aa2ab94" botcomponentidtwo.schemaname="new_topic_aee00ad960f74060b334208b33a1077c">
    <iscustomizable>1</iscustomizable>
  </botcomponent_botcomponent>
  <botcomponent_botcomponent botcomponentidone.schemaname="new_topic_e7d9becf1461443494fc5f874aa2ab94" botcomponentidtwo.schemaname="new_topic_afa53e9e7f244b429cd7a7fc0aec0dde_aeabea4d071f415c8c107e1cb7af5424_assumedsuccess">
    <iscustomizable>1</iscustomizable>
  </botcomponent_botcomponent>
  <botcomponent_botcomponent botcomponentidone.schemaname="new_topic_e7d9becf1461443494fc5f874aa2ab94" botcomponentidtwo.schemaname="new_topic_d71b0999c77f4ad182129de509f92a39">
    <iscustomizable>1</iscustomizable>
  </botcomponent_botcomponent>
  <botcomponent_botcomponent botcomponentidone.schemaname="new_topic_e7d9becf1461443494fc5f874aa2ab94" botcomponentidtwo.schemaname="new_topic_dbe44061b3434b21a51906e640259601">
    <iscustomizable>1</iscustomizable>
  </botcomponent_botcomponent>
  <botcomponent_botcomponent botcomponentidone.schemaname="new_topic_e7d9becf1461443494fc5f874aa2ab94" botcomponentidtwo.schemaname="new_topic_e211f44c8b954548bbfefd53384d1ac6">
    <iscustomizable>1</iscustomizable>
  </botcomponent_botcomponent>
  <botcomponent_botcomponent botcomponentidone.schemaname="new_topic_e7d9becf1461443494fc5f874aa2ab94" botcomponentidtwo.schemaname="new_topic_eaee617e8a7c4a7fb2da5b842bf3fac4">
    <iscustomizable>1</iscustomizable>
  </botcomponent_botcomponent>
  <botcomponent_botcomponent botcomponentidone.schemaname="new_topic_e7d9becf1461443494fc5f874aa2ab94" botcomponentidtwo.schemaname="new_topic_f87f1b5987134c388e7e5c31a004f6cb">
    <iscustomizable>1</iscustomizable>
  </botcomponent_botcomponent>
  <botcomponent_botcomponent botcomponentidone.schemaname="new_topic_eaee617e8a7c4a7fb2da5b842bf3fac4" botcomponentidtwo.schemaname="new_customtype_db9a58d30c9347d5a30ccf978e42bf18">
    <iscustomizable>1</iscustomizable>
  </botcomponent_botcomponent>
  <botcomponent_botcomponent botcomponentidone.schemaname="new_topic_eaee617e8a7c4a7fb2da5b842bf3fac4" botcomponentidtwo.schemaname="new_topic_afa53e9e7f244b429cd7a7fc0aec0dde_aeabea4d071f415c8c107e1cb7af5424_assumedsuccess">
    <iscustomizable>1</iscustomizable>
  </botcomponent_botcomponent>
  <botcomponent_botcomponent botcomponentidone.schemaname="new_topic_f87f1b5987134c388e7e5c31a004f6cb" botcomponentidtwo.schemaname="new_customtype_db9a58d30c9347d5a30ccf978e42bf18">
    <iscustomizable>1</iscustomizable>
  </botcomponent_botcomponent>
  <botcomponent_botcomponent botcomponentidone.schemaname="new_topic_f87f1b5987134c388e7e5c31a004f6cb" botcomponentidtwo.schemaname="new_topic_afa53e9e7f244b429cd7a7fc0aec0dde_aeabea4d071f415c8c107e1cb7af5424_assumedsuccess">
    <iscustomizable>1</iscustomizable>
  </botcomponent_botcomponent>
</botcomponent_botcomponentset>